goId,family
GO:0003674,F
GO:0017116,F
GO:0120133,P
GO:0003724,F
GO:0015035,F
GO:2001210,P
GO:0005515,F
GO:0005634,C
GO:0005737,C
GO:1990439,F
GO:0035970,P
GO:0071010,C
GO:0003677,F
GO:0005739,C
GO:0008080,F
GO:0006473,P
GO:0043139,F
GO:1901857,P
GO:0004934,F
GO:0000750,P
GO:0000755,P
GO:0030031,P
GO:0045027,F
GO:0005887,C
GO:0005471,F
GO:0005509,F
GO:0006839,P
GO:0015866,P
GO:0015867,P
GO:0004651,F
GO:0006370,P
GO:0032968,P
GO:0098501,P
GO:1900182,P
GO:0031533,C
GO:0043110,F
GO:0000183,P
GO:0006310,P
GO:0006325,P
GO:0007059,P
GO:0007580,P
GO:0008156,P
GO:0031582,P
GO:0034503,P
GO:0043007,P
GO:0045911,P
GO:0070550,P
GO:0090342,P
GO:0005730,C
GO:0033553,C
GO:0030686,C
GO:0061770,F
GO:0003735,F
GO:0019843,F
GO:0000462,P
GO:0002181,P
GO:0022627,C
GO:0032040,C
GO:0061630,F
GO:0006511,P
GO:0035519,P
GO:0006744,P
GO:0005743,C
GO:0008150,P
GO:0005575,C
GO:0006606,P
GO:0016021,C
GO:0030688,C
GO:0043138,F
GO:0016020,C
GO:0000015,C
GO:0043410,P
GO:0016192,P
GO:0003676,F
GO:0000723,P
GO:0006368,P
GO:0006406,P
GO:0000445,C
GO:0000446,C
GO:0004708,F
GO:0071507,P
GO:0003713,F
GO:0006099,P
GO:0031505,P
GO:0009277,C
GO:0031543,F
GO:0006415,P
GO:0006450,P
GO:0018188,P
GO:0071944,C
GO:0043130,F
GO:0008541,C
GO:0034515,C
GO:0006623,P
GO:0003729,F
GO:0000245,P
GO:0005524,F
GO:1902974,P
GO:0016208,F
GO:0006431,P
GO:0004707,F
GO:0003714,F
GO:0032543,P
GO:0042254,P
GO:0005762,C
GO:0045944,P
GO:0051017,P
GO:0005934,C
GO:0005935,C
GO:0019953,P
GO:0006488,P
GO:0005216,F
GO:0070936,P
GO:0007131,P
GO:0030246,F
GO:0006355,P
GO:0055085,P
GO:0006281,P
GO:0005763,C
GO:0008652,P
GO:0006811,P
GO:0000447,P
GO:0044877,F
GO:0016578,P
GO:0030447,P
GO:0035753,P
GO:0043161,P
GO:0043248,P
GO:0051726,P
GO:0072742,P
GO:0005829,C
GO:0009055,F
GO:0006122,P
GO:0006123,P
GO:0005758,C
GO:0009060,P
GO:0008121,F
GO:0003711,F
GO:0006357,P
GO:0000161,P
GO:0005750,C
GO:0034399,C
GO:0034551,P
GO:0004460,F
GO:0006089,P
GO:2000786,P
GO:0004022,F
GO:0000947,P
GO:0006067,P
GO:0006116,P
GO:0004365,F
GO:1990841,F
GO:0006094,P
GO:0006096,P
GO:0006915,P
GO:0072593,P
GO:0005811,C
GO:0003723,F
GO:0043335,P
GO:0006417,P
GO:0004037,F
GO:0003824,F
GO:0015886,P
GO:0006886,P
GO:0005200,F
GO:0001228,F
GO:0000030,F
GO:0046912,F
GO:0006139,P
GO:0000978,F
GO:0006508,P
GO:0030170,F
GO:0006520,P
GO:0003852,F
GO:0071930,P
GO:0003700,F
GO:0006468,P
GO:0005751,C
GO:0000981,F
GO:0004130,F
GO:0034599,P
GO:0015986,P
GO:0051539,F
GO:0000463,P
GO:0004129,F
GO:0004784,F
GO:0006801,P
GO:0006878,P
GO:0006882,P
GO:0036091,P
GO:0047681,F
GO:0004339,F
GO:0050821,P
GO:0051091,P
GO:1901856,P
GO:0005759,C
GO:0033499,P
GO:0000993,F
GO:0004674,F
GO:0031536,P
GO:0004693,F
GO:0042393,F
GO:0000706,P
GO:0007130,P
GO:0010568,P
GO:0010570,P
GO:0010571,P
GO:0010696,P
GO:0010898,P
GO:0018105,P
GO:0018107,P
GO:0032210,P
GO:0034504,P
GO:0045819,P
GO:0045875,P
GO:0045892,P
GO:0045893,P
GO:0045930,P
GO:0045931,P
GO:0051446,P
GO:1905775,P
GO:0051447,P
GO:0060303,P
GO:0070816,P
GO:0090169,P
GO:1901319,P
GO:0005933,C
GO:1990139,P
GO:1990758,P
GO:0042802,F
GO:2001033,P
GO:0000307,C
GO:0005783,C
GO:0004618,F
GO:0000146,F
GO:0051015,F
GO:0007015,P
GO:0030050,P
GO:0004798,F
GO:0009041,F
GO:0006227,P
GO:0006233,P
GO:0003993,F
GO:0017111,F
GO:0047429,F
GO:0006796,P
GO:0004852,F
GO:0033014,P
GO:0003678,F
GO:0016036,P
GO:0004564,F
GO:0051670,F
GO:0005987,P
GO:0006412,P
GO:0016831,F
GO:0000398,P
GO:0010147,P
GO:0034484,P
GO:1902927,P
GO:0005576,C
GO:0004185,F
GO:0046938,P
GO:0000324,C
GO:0004053,F
GO:0008270,F
GO:0030145,F
GO:0090369,F
GO:0019547,P
GO:0090368,P
GO:0004399,F
GO:0004635,F
GO:0004636,F
GO:0043332,C
GO:0043565,F
GO:0009374,F
GO:0046983,F
GO:0005789,C
GO:0006807,P
GO:0006914,P
GO:0000105,P
GO:0004427,F
GO:0000407,C
GO:0046961,F
GO:0005754,C
GO:0016887,F
GO:0004420,F
GO:0004474,F
GO:0006303,P
GO:0017148,P
GO:0006097,P
GO:0047547,F
GO:0051537,F
GO:0004108,F
GO:0019679,P
GO:0046356,P
GO:0004049,F
GO:0006865,P
GO:0051051,P
GO:0000162,P
GO:0005950,C
GO:0004640,F
GO:0004634,F
GO:0032889,P
GO:0045182,F
GO:0072344,P
GO:0006418,P
GO:0070988,P
GO:0005094,F
GO:0004794,F
GO:0006567,P
GO:0009097,P
GO:0004834,F
GO:0004425,F
GO:0004807,F
GO:0005385,F
GO:0046873,F
GO:0050790,P
GO:0004604,F
GO:0006338,P
GO:0036086,P
GO:0004619,F
GO:0004825,F
GO:0017102,C
GO:0004866,F
GO:0007039,P
GO:0051536,F
GO:0071577,P
GO:1902600,P
GO:0098772,F
GO:0140110,F
GO:0046034,P
GO:0003779,F
GO:0004818,F
GO:0030001,P
GO:0005525,F
GO:0004252,F
GO:0016540,P
GO:0031625,F
GO:0004857,F
GO:0042030,F
GO:0032780,P
GO:0051117,F
GO:0003924,F
GO:0007189,P
GO:0045762,P
GO:0097271,P
GO:0005886,C
GO:0000411,P
GO:0120009,P
GO:0007190,P
GO:0016236,P
GO:0030437,P
GO:0032258,P
GO:0032880,P
GO:2000222,P
GO:0000149,F
GO:0006888,P
GO:0006890,P
GO:0032456,P
GO:0034498,P
GO:0035494,P
GO:0048194,P
GO:0048211,P
GO:0061709,P
GO:0090114,P
GO:1900101,P
GO:1990261,P
GO:0000139,C
GO:0005795,C
GO:0005801,C
GO:0031410,C
GO:0000772,F
GO:1903135,F
GO:0006419,P
GO:0006333,P
GO:0000287,F
GO:0031298,C
GO:0030295,F
GO:0045860,P
GO:0022625,C
GO:0005975,P
GO:0000028,P
GO:0051082,F
GO:0000492,P
GO:0006458,P
GO:0006626,P
GO:0000422,P
GO:0004559,F
GO:0006970,P
GO:0032212,P
GO:0006470,P
GO:0004672,F
GO:0045727,P
GO:0006897,P
GO:0042026,P
GO:0051604,P
GO:0003746,F
GO:0070125,P
GO:0098869,P
GO:0005034,F
GO:0009228,P
GO:0098703,P
GO:0017056,F
GO:0000372,P
GO:0030150,P
GO:0016747,F
GO:0006334,P
GO:0043486,P
GO:0004045,F
GO:0005840,C
GO:0002949,P
GO:0120015,F
GO:0032777,C
GO:0036424,F
GO:0005794,C
GO:0006526,P
GO:0005951,C
GO:0009058,P
GO:0004088,F
GO:0030041,P
GO:0051087,F
GO:0051879,F
GO:0016787,F
GO:0004298,F
GO:0008649,F
GO:0061578,F
GO:0004044,F
GO:0006189,P
GO:0070122,F
GO:0006366,P
GO:0019985,P
GO:0005665,C
GO:0042797,P
GO:0005666,C
GO:0004056,F
GO:0090110,P
GO:0007121,P
GO:0001055,F
GO:0005839,C
GO:0019773,C
GO:0043399,F
GO:0045292,P
GO:0042450,P
GO:0004644,F
GO:0006164,P
GO:0046084,P
GO:0015267,F
GO:0004335,F
GO:0046835,P
GO:0046872,F
GO:0000124,C
GO:0042149,P
GO:0004518,F
GO:1990838,F
GO:0000435,P
GO:0006012,P
GO:0016791,F
GO:0006397,P
GO:0032865,C
GO:0006270,P
GO:0031919,P
GO:0009378,F
GO:0019210,F
GO:0000122,P
GO:0033673,P
GO:0043433,P
GO:0003978,F
GO:0004034,F
GO:0016779,F
GO:0090305,P
GO:0006783,P
GO:0003917,F
GO:0000019,P
GO:0006265,P
GO:0006271,P
GO:0007076,P
GO:0007097,P
GO:0006694,P
GO:0006457,P
GO:0004747,F
GO:0007165,P
GO:0000166,F
GO:0004812,F
GO:0022857,F
GO:0043021,F
GO:0004829,F
GO:0006435,P
GO:0004815,F
GO:0006422,P
GO:0004830,F
GO:0008168,F
GO:0005621,C
GO:0006421,P
GO:0004553,F
GO:0017057,F
GO:0070183,P
GO:0004396,F
GO:0006000,P
GO:0006006,P
GO:0006013,P
GO:0032445,P
GO:0046323,P
GO:0030674,F
GO:0016491,F
GO:0004181,F
GO:0046015,P
GO:0005742,C
GO:0003910,F
GO:0000278,P
GO:0006266,P
GO:0006273,P
GO:0000786,C
GO:0000413,P
GO:0006284,P
GO:0006289,P
GO:0016758,F
GO:0009982,F
GO:0007089,P
GO:0007265,P
GO:0008308,F
GO:0007005,P
GO:0045454,P
GO:0051027,P
GO:0005741,C
GO:0031307,C
GO:0045185,P
GO:1901900,P
GO:0061587,P
GO:0008553,F
GO:0016773,F
GO:0006351,P
GO:0035335,P
GO:0070039,F
GO:0000453,P
GO:0009451,P
GO:0031119,P
GO:1902906,P
GO:0045121,C
GO:0006595,P
GO:0003904,F
GO:0000719,P
GO:0003712,F
GO:0000821,P
GO:0004585,F
GO:0015505,F
GO:0015857,P
GO:0004735,F
GO:0050567,F
GO:0070681,P
GO:0051603,P
GO:0030956,C
GO:0004655,F
GO:0004608,F
GO:0006656,P
GO:0000773,F
GO:0080101,F
GO:0003747,F
GO:0000288,P
GO:0010494,C
GO:0018444,C
GO:0000034,F
GO:0003871,F
GO:0009086,P
GO:0008650,F
GO:0000493,P
GO:0004930,F
GO:0007186,P
GO:0019236,P
GO:0000027,P
GO:0001510,P
GO:0006364,P
GO:0005546,F
GO:0006102,P
GO:0016620,F
GO:0098781,P
GO:0006260,P
GO:0031167,P
GO:0032259,P
GO:0000959,P
GO:0030983,F
GO:0006298,P
GO:0007018,P
GO:0005816,C
GO:0042147,P
GO:0045039,P
GO:0016559,P
GO:0006072,P
GO:0005779,C
GO:0071951,P
GO:0042721,C
GO:0004691,F
GO:0010737,P
GO:0005952,C
GO:0000289,P
GO:0000290,P
GO:0000749,P
GO:0016567,P
GO:0031087,P
GO:0032300,C
GO:0030015,C
GO:0030474,P
GO:0005968,C
GO:0003743,F
GO:0002183,P
GO:0006413,P
GO:0005852,C
GO:0033290,C
GO:0043614,C
GO:0016226,P
GO:1990221,C
GO:0004842,F
GO:0000209,P
GO:0000722,P
GO:0000724,P
GO:0003989,F
GO:0006353,P
GO:0006513,P
GO:0010390,P
GO:0030433,P
GO:0031571,P
GO:0042138,P
GO:0042275,P
GO:0042276,P
GO:0070534,P
GO:0070987,P
GO:0071596,P
GO:0045261,C
GO:0030687,C
GO:0071629,P
GO:0090089,P
GO:0097505,C
GO:1990304,C
GO:0001965,F
GO:0030466,P
GO:0043577,P
GO:0003697,F
GO:0045141,P
GO:0005844,C
GO:0042175,C
GO:0004096,F
GO:0000302,P
GO:0003690,F
GO:0031314,C
GO:0019427,P
GO:0034976,P
GO:0004455,F
GO:0000002,P
GO:0009082,P
GO:0042645,C
GO:0004737,F
GO:0047433,F
GO:0000949,P
GO:0006090,P
GO:0006559,P
GO:0006569,P
GO:0019655,P
GO:0071704,P
GO:0006396,P
GO:0007034,P
GO:0004408,F
GO:0018063,P
GO:0003881,F
GO:0006661,P
GO:0009098,P
GO:0000266,P
GO:0008289,F
GO:0008234,F
GO:0008353,F
GO:0006360,P
GO:1900018,P
GO:1901921,P
GO:1903654,P
GO:0005675,C
GO:0070985,C
GO:0000727,P
GO:0001100,P
GO:0006279,P
GO:0060903,P
GO:0000775,C
GO:0031431,C
GO:0016241,P
GO:0004222,F
GO:0071555,P
GO:0003908,F
GO:0001403,P
GO:0004424,F
GO:0030976,F
GO:0033592,F
GO:0000390,P
GO:0017136,F
GO:0032041,F
GO:0046969,F
GO:0046970,F
GO:0007062,P
GO:0034398,P
GO:0045910,P
GO:1904524,P
GO:0005677,C
GO:0031491,F
GO:0030869,C
GO:0003682,F
GO:0031493,F
GO:0031507,P
GO:0070481,P
GO:0000781,C
GO:0008184,F
GO:0046039,P
GO:0006003,P
GO:0005980,P
GO:0004132,F
GO:0006226,P
GO:0006231,P
GO:0000436,P
GO:0043457,P
GO:0016602,C
GO:0005291,F
GO:0006828,P
GO:0015817,P
GO:0004115,F
GO:0042803,F
GO:0031225,C
GO:0043874,F
GO:0035349,P
GO:0000150,F
GO:1990814,F
GO:0000709,P
GO:0000730,P
GO:0006277,P
GO:0006301,P
GO:0045002,P
GO:0000228,C
GO:0000715,P
GO:0034613,P
GO:0000113,C
GO:0031463,C
GO:0046982,F
GO:0003684,F
GO:0008094,F
GO:0007017,P
GO:0007264,P
GO:0030010,P
GO:0004679,F
GO:0006986,P
GO:0006995,P
GO:0007155,P
GO:0016239,P
GO:0045722,P
GO:0071940,P
GO:0090606,P
GO:1900436,P
GO:0005641,C
GO:0031588,C
GO:0004933,F
GO:0000196,P
GO:0001402,P
GO:0007124,P
GO:0010525,P
GO:0015914,P
GO:0003918,F
GO:0031055,P
GO:0097046,P
GO:0000795,C
GO:0000502,C
GO:0106073,F
GO:0000710,P
GO:0000735,P
GO:0000736,P
GO:0006296,P
GO:0006312,P
GO:0000110,C
GO:0046020,P
GO:0032574,F
GO:0033683,P
GO:0045951,P
GO:0000112,C
GO:0000439,C
GO:0000217,F
GO:0043631,P
GO:0000014,F
GO:0036265,P
GO:0033678,F
GO:0010508,P
GO:0016573,P
GO:0046695,C
GO:0004313,F
GO:0004314,F
GO:0004319,F
GO:0016409,F
GO:0019171,F
GO:0042759,P
GO:0005835,C
GO:0004017,F
GO:0004312,F
GO:0005672,C
GO:0006172,P
GO:0009117,P
GO:0004400,F
GO:0030943,F
GO:0072671,P
GO:0005484,F
GO:0061629,F
GO:0016799,F
GO:0042886,P
GO:0070159,P
GO:0004329,F
GO:0004477,F
GO:0004488,F
GO:0006760,P
GO:0009113,P
GO:0051131,P
GO:0001093,F
GO:0001094,F
GO:0007031,P
GO:0031936,P
GO:0061410,P
GO:0045004,P
GO:0004729,F
GO:0061425,P
GO:0061429,P
GO:0000987,F
GO:1900079,P
GO:1900081,P
GO:0000823,F
GO:0000824,F
GO:0000825,F
GO:0000827,F
GO:0008440,F
GO:0035004,F
GO:0032958,P
GO:0046854,P
GO:0005978,P
GO:0004594,F
GO:0033677,F
GO:0000958,P
GO:0043022,F
GO:0070131,P
GO:0005761,C
GO:0061671,C
GO:0030061,C
GO:0004070,F
GO:0006207,P
GO:0042274,P
GO:0030036,P
GO:0006607,P
GO:0006541,P
GO:0045984,P
GO:0000433,P
GO:0034728,P
GO:0060963,P
GO:0061435,P
GO:0006479,P
GO:0070469,C
GO:0005635,C
GO:0004354,F
GO:0006427,P
GO:0003861,F
GO:0008233,F
GO:0009267,P
GO:0016237,P
GO:0043388,P
GO:0045937,P
GO:2000679,P
GO:0010521,F
GO:0051880,F
GO:0032211,P
GO:0044806,P
GO:0051276,P
GO:0071932,P
GO:0005657,C
GO:0031966,C
GO:0043596,C
GO:1900399,P
GO:0001139,F
GO:0001193,P
GO:0006362,P
GO:0006367,P
GO:0006383,P
GO:0031440,P
GO:0031564,P
GO:0045899,P
GO:0003785,F
GO:0070064,F
GO:0042989,P
GO:0016560,P
GO:0046907,P
GO:0090338,P
GO:0019897,C
GO:0003842,F
GO:0006537,P
GO:0010133,P
GO:0006295,P
GO:0004496,F
GO:0006696,P
GO:0010142,P
GO:0019287,P
GO:0036121,F
GO:0005778,C
GO:0008361,P
GO:0006407,P
GO:0004615,F
GO:0006119,P
GO:0003984,F
GO:0050660,F
GO:0005948,C
GO:0032508,P
GO:0006474,P
GO:0009972,P
GO:0061606,P
GO:0031415,C
GO:0004596,F
GO:0004043,F
GO:0004601,F
GO:0140297,F
GO:0042744,P
GO:0031011,C
GO:0016209,F
GO:0019878,P
GO:0070893,P
GO:0005736,C
GO:0004832,F
GO:0006438,P
GO:0001054,F
GO:0001056,F
GO:0004146,F
GO:0046452,P
GO:0046654,P
GO:0032266,F
GO:0006464,P
GO:0015031,P
GO:0050815,F
GO:0000082,P
GO:0000086,P
GO:0031146,P
GO:0016363,C
GO:0019005,C
GO:0043224,C
GO:0035350,P
GO:0061510,P
GO:0000049,F
GO:0052381,F
GO:0006400,P
GO:0016301,F
GO:0016740,F
GO:0004100,F
GO:0000920,P
GO:0045009,C
GO:0007049,P
GO:0016310,P
GO:0051301,P
GO:0004861,F
GO:0019901,F
GO:0000079,P
GO:0036033,F
GO:0008484,F
GO:0006235,P
GO:0009165,P
GO:0000083,P
GO:0007074,P
GO:0031496,P
GO:0004333,F
GO:0006106,P
GO:0008108,F
GO:0016798,F
GO:0008152,P
GO:0004180,F
GO:0005773,C
GO:0001222,F
GO:0001223,F
GO:0005680,C
GO:0050334,F
GO:0046856,P
GO:0000050,P
GO:0006525,P
GO:0018293,P
GO:0004586,F
GO:0009446,P
GO:0015940,P
GO:0030476,P
GO:0031145,P
GO:0004489,F
GO:0005628,C
GO:0004414,F
GO:0000096,P
GO:0009092,P
GO:0004520,F
GO:0004529,F
GO:0004540,F
GO:0006308,P
GO:0006309,P
GO:0006401,P
GO:0046933,F
GO:0006754,P
GO:0008017,F
GO:0006555,P
GO:0004781,F
GO:0019379,P
GO:0000742,P
GO:0000743,P
GO:0000754,P
GO:0048017,P
GO:0071701,P
GO:0005768,C
GO:0005834,C
GO:0003855,F
GO:0002098,P
GO:0003856,F
GO:0003866,F
GO:0008033,P
GO:0032447,P
GO:0034227,P
GO:0016829,F
GO:0004764,F
GO:0004765,F
GO:0009423,P
GO:0009073,P
GO:0016853,F
GO:2001278,P
GO:0000128,P
GO:0043709,P
GO:0044011,P
GO:0004016,F
GO:0007188,P
GO:0000131,C
GO:0016460,C
GO:0005085,F
GO:0006446,P
GO:1903574,P
GO:0005851,C
GO:0032045,C
GO:0042555,C
GO:0003688,F
GO:0006267,P
GO:0030174,P
GO:0005656,C
GO:0031261,C
GO:0042132,F
GO:0042597,C
GO:0016874,F
GO:0004657,F
GO:0019828,F
GO:0006515,P
GO:0006616,P
GO:0004822,F
GO:0006428,P
GO:0046656,P
GO:0030414,F
GO:0010466,P
GO:0003925,F
GO:0000274,C
GO:0006261,P
GO:0061412,P
GO:0016514,C
GO:0042273,P
GO:0004402,F
GO:0034045,C
GO:0005186,F
GO:0005802,C
GO:0004148,F
GO:0004375,F
GO:0004591,F
GO:0004738,F
GO:0006103,P
GO:0006546,P
GO:0006550,P
GO:0006552,P
GO:0006564,P
GO:0006574,P
GO:0042743,P
GO:0005960,C
GO:0005967,C
GO:0009353,C
GO:0090503,P
GO:0005694,C
GO:0000070,P
GO:0030473,P
GO:0045143,P
GO:0005828,C
GO:0005880,C
GO:0005881,C
GO:0045298,C
GO:0032297,P
GO:0003972,F
GO:0004113,F
GO:0051730,F
GO:0006388,P
GO:0032056,P
GO:0005637,C
GO:0008324,F
GO:0006812,P
GO:0030261,P
GO:0016577,P
GO:0004519,F
GO:0007533,P
GO:0004748,F
GO:0009263,P
GO:0005971,C
GO:0003870,F
GO:0010845,P
GO:0061408,P
GO:0071931,P
GO:0030907,C
GO:0033309,C
GO:0005686,C
GO:0000461,P
GO:0006414,P
GO:1900153,P
GO:0016311,P
GO:0008380,P
GO:0072488,P
GO:0000938,C
GO:0032147,P
GO:0016757,F
GO:0003899,F
GO:0008554,F
GO:0015250,F
GO:0006833,P
GO:0005363,F
GO:0008643,P
GO:0000329,C
GO:0019318,P
GO:0015297,F
GO:0003916,F
GO:0005654,C
GO:0018820,F
GO:0018890,P
GO:0030162,P
GO:0042144,P
GO:0003887,F
GO:0001671,F
GO:0004385,F
GO:0090266,P
GO:0004574,F
GO:0004575,F
GO:0046352,P
GO:0019211,F
GO:0043328,P
GO:0006883,P
GO:0008180,C
GO:0006974,P
GO:0015288,F
GO:0030880,C
GO:1902596,P
GO:0046930,C
GO:0120174,P
GO:0003955,F
GO:1902499,P
GO:0072665,P
GO:0001010,F
GO:0005507,F
GO:0046870,F
GO:0010273,P
GO:0019430,P
GO:0046688,P
GO:0071585,P
GO:1990948,F
GO:1902426,P
GO:1904667,P
GO:1905785,P
GO:0018298,P
GO:1990757,F
GO:1904668,P
GO:0001227,F
GO:0008301,F
GO:0001198,P
GO:0007532,P
GO:0004067,F
GO:0006530,P
GO:0030287,C
GO:0031370,F
GO:0032055,P
GO:0000932,C
GO:1905786,P
GO:0006113,P
GO:0031305,C
GO:0051438,P
GO:0003896,F
GO:0006269,P
GO:0005658,C
GO:0006627,P
GO:0017087,C
GO:0005381,F
GO:0048250,P
GO:0035617,P
GO:0072318,P
GO:0090344,P
GO:0035719,P
GO:0051156,P
GO:0008398,F
GO:0004478,F
GO:0006556,P
GO:0009757,P
GO:0010255,P
GO:0004072,F
GO:0006779,P
GO:0009088,P
GO:0009090,P
GO:0006782,P
GO:0005536,F
GO:0015755,P
GO:0015761,P
GO:0045835,P
GO:0051594,P
GO:0009408,P
GO:0070202,P
GO:0004612,F
GO:0006629,P
GO:0042790,P
GO:0008654,P
GO:0004386,F
GO:0006893,P
GO:0004736,F
GO:0004823,F
GO:0000280,P
GO:0006429,P
GO:0004109,F
GO:0004345,F
GO:0006740,P
GO:0009051,P
GO:0042542,P
GO:0000282,P
GO:0007096,P
GO:0031106,P
GO:0072697,P
GO:0005516,F
GO:0000054,P
GO:0006452,P
GO:0051083,P
GO:0004035,F
GO:0046496,P
GO:0045736,P
GO:0006979,P
GO:0001195,P
GO:0070898,P
GO:0003400,P
GO:0005096,F
GO:0035091,F
GO:0006404,P
GO:0006409,P
GO:0044377,F
GO:0001197,P
GO:0031494,P
GO:0051123,P
GO:0005669,C
GO:0043619,P
GO:0045943,P
GO:0045945,P
GO:0047484,P
GO:0090153,P
GO:0005825,C
GO:0031492,F
GO:0042162,F
GO:0010833,P
GO:0031848,P
GO:0000785,C
GO:0032786,P
GO:0070200,P
GO:0071169,P
GO:0071949,F
GO:0070187,C
GO:0004512,F
GO:0006021,P
GO:2001040,P
GO:0016149,F
GO:0005832,C
GO:0050483,F
GO:0004190,F
GO:0043171,P
GO:0009099,P
GO:0018024,F
GO:0034968,P
GO:0005199,F
GO:0015079,F
GO:0030007,P
GO:0034220,P
GO:0045252,C
GO:0017125,F
GO:0004742,F
GO:0006086,P
GO:0030975,F
GO:0003691,F
GO:0043047,F
GO:0032078,P
GO:0097552,P
GO:0009229,P
GO:0030870,C
GO:0030234,F
GO:0015440,F
GO:0000770,P
GO:0006895,P
GO:0016574,P
GO:0035542,P
GO:0036205,P
GO:0045324,P
GO:0099022,P
GO:0030897,C
GO:0033263,C
GO:0004844,F
GO:0043539,F
GO:0008047,F
GO:0032079,P
GO:2000042,P
GO:0010606,P
GO:0080139,F
GO:0046713,P
GO:0000018,P
GO:0007004,P
GO:0007064,P
GO:0031422,C
GO:0005354,F
GO:0005355,F
GO:0015757,P
GO:0046777,P
GO:0009898,C
GO:0004819,F
GO:0006425,P
GO:0061631,F
GO:0140504,P
GO:0000731,P
GO:0006278,P
GO:0006302,P
GO:0000979,F
GO:0001016,F
GO:0030435,P
GO:0001179,F
GO:0005227,F
GO:0030148,P
GO:0000126,C
GO:0031965,C
GO:0051016,P
GO:0008290,C
GO:0030479,C
GO:0007329,P
GO:1990526,C
GO:1990527,C
GO:0005388,F
GO:0006816,P
GO:0006874,P
GO:0008556,F
GO:0006813,P
GO:0006814,P
GO:0006972,P
GO:0009268,P
GO:0009651,P
GO:0019887,F
GO:0004073,F
GO:0003997,F
GO:0006635,P
GO:0033540,P
GO:0005782,C
GO:0006335,P
GO:0047434,F
GO:0050177,F
GO:0000955,P
GO:0009083,P
GO:0033186,C
GO:0090575,C
GO:0004582,F
GO:0006506,P
GO:0004032,F
GO:0004033,F
GO:1990042,F
GO:0019568,P
GO:0042843,P
GO:0030627,F
GO:0048025,P
GO:0004127,F
GO:0006031,P
GO:0033862,F
GO:0032389,C
GO:0043231,C
GO:0016035,C
GO:0005198,F
GO:0031490,F
GO:0043085,P
GO:0051598,P
GO:0000800,C
GO:0005543,F
GO:0046578,P
GO:0000328,C
GO:0032509,P
GO:0044257,P
GO:0006225,P
GO:0046705,P
GO:0000404,F
GO:0004713,F
GO:0010973,P
GO:0051865,P
GO:0045040,P
GO:0070096,P
GO:0001401,C
GO:0031497,P
GO:1990165,F
GO:0000111,C
GO:0000077,P
GO:0031573,P
GO:1903833,P
GO:0006873,P
GO:0005955,C
GO:0015086,F
GO:0015127,F
GO:0015691,P
GO:0015723,P
GO:0003755,F
GO:0016018,F
GO:0016575,P
GO:0044267,P
GO:0045836,P
GO:0034967,C
GO:0003849,F
GO:0070006,F
GO:0035267,C
GO:0006614,P
GO:0006620,P
GO:0007035,P
GO:0051321,P
GO:0031204,P
GO:0046967,P
GO:0031207,C
GO:0000055,P
GO:0000056,P
GO:0016973,P
GO:0097064,P
GO:0005643,C
GO:0044613,C
GO:0044615,C
GO:0070198,P
GO:0060237,P
GO:0090630,P
GO:0042826,F
GO:0016584,P
GO:2001020,P
GO:0017053,C
GO:0004801,F
GO:0006098,P
GO:0034605,P
GO:0070146,P
GO:0001315,P
GO:0010499,P
GO:0016471,C
GO:0003876,F
GO:0006163,P
GO:0006178,P
GO:0015124,F
GO:0015719,P
GO:0042938,P
GO:0042939,P
GO:0030176,C
GO:0015175,F
GO:0015193,F
GO:0000753,P
GO:0032185,P
GO:0015804,P
GO:0015812,P
GO:0015824,P
GO:0005506,F
GO:0000373,P
GO:0006392,P
GO:0034337,P
GO:0008296,F
GO:0043137,P
GO:0045005,P
GO:0043625,C
GO:0004694,F
GO:0022626,C
GO:0070086,P
GO:0046711,P
GO:0004452,F
GO:0045337,P
GO:0004809,F
GO:0030488,P
GO:0006432,P
GO:0009328,C
GO:0008299,P
GO:0036010,P
GO:0106034,P
GO:0106035,P
GO:0008320,F
GO:0004659,F
GO:0042124,F
GO:0042973,F
GO:0030544,F
GO:0008104,P
GO:0043162,P
GO:0006356,P
GO:0006359,P
GO:0007535,P
GO:0005956,C
GO:0034456,C
GO:0008408,F
GO:0006264,P
GO:0004325,F
GO:0043115,F
GO:0000103,P
GO:0070034,F
GO:1990234,C
GO:0019354,P
GO:0030337,F
GO:0006272,P
GO:0034087,P
GO:1902394,P
GO:1903022,P
GO:0043626,C
GO:0000147,P
GO:0005938,C
GO:0008186,F
GO:0000350,P
GO:0000378,P
GO:0071007,C
GO:0004795,F
GO:0000221,C
GO:1990816,C
GO:0006486,P
GO:0006621,P
GO:0006369,P
GO:0004739,F
GO:0004197,F
GO:0030332,F
GO:0048026,P
GO:0004780,F
GO:0008796,F
GO:0090218,P
GO:1903778,P
GO:0009164,P
GO:0003958,F
GO:0004057,F
GO:0016598,P
GO:0005774,C
GO:0080025,F
GO:2000217,P
GO:0016538,F
GO:0000213,F
GO:0000379,P
GO:0090618,P
GO:0000214,C
GO:0034066,C
GO:0051453,P
GO:0070072,P
GO:0010526,P
GO:0043409,P
GO:0046827,P
GO:1904824,P
GO:0071465,P
GO:0015205,F
GO:0015212,F
GO:0015856,P
GO:0015861,P
GO:0072530,P
GO:0019237,F
GO:0000776,C
GO:0089713,C
GO:0008569,F
GO:0060236,P
GO:0032956,P
GO:0035024,P
GO:0043547,P
GO:0090038,P
GO:0010520,P
GO:0033235,P
GO:0007127,P
GO:0016242,P
GO:0031647,P
GO:0032878,P
GO:0045719,P
GO:0045936,P
GO:0050849,P
GO:0000794,C
GO:0071073,P
GO:1990860,C
GO:0071919,P
GO:0004534,F
GO:0045772,P
GO:0005697,C
GO:0015184,F
GO:0015811,P
GO:0004413,F
GO:0030060,F
GO:0000956,P
GO:0004645,F
GO:0008179,F
GO:0030042,P
GO:0030836,P
GO:0051014,P
GO:0016075,P
GO:0006283,P
GO:0019905,F
GO:0034497,P
GO:0031124,P
GO:2001209,P
GO:0003867,F
GO:0009450,P
GO:0004340,F
GO:0034427,P
GO:0070478,P
GO:0055087,C
GO:0006384,P
GO:0045807,P
GO:0030125,C
GO:0004142,F
GO:0102250,F
GO:0102499,F
GO:0006657,P
GO:0005977,P
GO:0009061,P
GO:0051654,P
GO:1990456,P
GO:0006998,P
GO:0071072,P
GO:1903740,P
GO:0071595,C
GO:0055091,P
GO:0042392,F
GO:0004721,F
GO:0046839,P
GO:0000225,F
GO:0000145,C
GO:0016811,F
GO:0010527,P
GO:0036003,P
GO:0045015,F
GO:2000219,P
GO:0004758,F
GO:0046512,P
GO:0046513,P
GO:0001080,P
GO:0033615,P
GO:0032592,C
GO:0003992,F
GO:0006592,P
GO:0070300,F
GO:0000045,P
GO:0043001,P
GO:0048219,P
GO:0048280,P
GO:0005937,C
GO:0000182,F
GO:0000470,P
GO:0009298,P
GO:0004662,F
GO:0016884,F
GO:0018108,P
GO:0018344,P
GO:0005953,C
GO:0000010,F
GO:0070941,P
GO:0008239,F
GO:0016485,P
GO:0045761,P
GO:0046580,P
GO:0004315,F
GO:0004316,F
GO:0008897,F
GO:0046899,F
GO:0015171,F
GO:0015203,F
GO:0015846,P
GO:0005771,C
GO:0030134,C
GO:0070301,P
GO:0070417,P
GO:0071248,P
GO:0045905,P
GO:0004149,F
GO:0009142,P
GO:0046033,P
GO:0070847,C
GO:0003994,F
GO:0008157,F
GO:0005979,P
GO:2001069,F
GO:0000164,C
GO:0071006,C
GO:0000747,P
GO:0071470,P
GO:0006904,P
GO:0005740,C
GO:0000001,P
GO:0000011,P
GO:0000132,P
GO:0007107,P
GO:0007118,P
GO:0009826,P
GO:0001676,P
GO:0045033,P
GO:0048313,P
GO:0030133,C
GO:0031941,C
GO:0031982,C
GO:0004467,F
GO:0035336,P
GO:0080090,P
GO:0032432,C
GO:0071563,C
GO:0061414,P
GO:0061415,P
GO:0071466,P
GO:0001927,P
GO:0006887,P
GO:0007266,P
GO:0051601,P
GO:0090522,P
GO:0001095,F
GO:0001097,F
GO:0000026,F
GO:0004356,F
GO:0004317,F
GO:0004318,F
GO:0004320,F
GO:0004321,F
GO:0008659,F
GO:0046540,C
GO:0071004,C
GO:0015220,F
GO:0008693,F
GO:1901235,F
GO:0015871,P
GO:0031460,P
GO:0016295,F
GO:1900749,P
GO:0016296,F
GO:0016297,F
GO:0016418,F
GO:0016419,F
GO:0016631,F
GO:0006542,P
GO:0010309,F
GO:0047451,F
GO:0006631,P
GO:0006633,P
GO:0000304,P
GO:0008967,F
GO:0046838,P
GO:0006336,P
GO:0006772,P
GO:0071902,P
GO:0060172,P
GO:0004168,F
GO:0043048,P
GO:0035556,P
GO:0008483,F
GO:0000400,F
GO:0007129,P
GO:0004151,F
GO:0006221,P
GO:0006875,P
GO:0034247,P
GO:0005527,F
GO:1901710,P
GO:0016197,P
GO:0044396,P
GO:0008312,F
GO:0044255,P
GO:0005786,C
GO:0031369,F
GO:0031990,P
GO:0034402,P
GO:0045948,P
GO:0003727,F
GO:0003968,F
GO:0034511,F
GO:0034512,F
GO:0008608,P
GO:0004722,F
GO:0000321,P
GO:0000464,P
GO:0006361,P
GO:0044614,C
GO:0032979,P
GO:0000822,F
GO:0070536,P
GO:0004486,F
GO:0006730,P
GO:0000466,P
GO:0004103,F
GO:0004305,F
GO:0007232,P
GO:0035999,P
GO:0006646,P
GO:0017017,F
GO:0007346,P
GO:0070262,P
GO:0000159,C
GO:0051010,F
GO:0030126,C
GO:0000972,P
GO:0006896,P
GO:0007033,P
GO:0034727,P
GO:0031122,P
GO:0030117,C
GO:0005875,C
GO:0048278,P
GO:0051469,P
GO:0050839,F
GO:1990316,C
GO:0000752,P
GO:0004768,F
GO:0006636,P
GO:0004014,F
GO:0006597,P
GO:0008295,P
GO:0060196,P
GO:0015662,F
GO:2001043,P
GO:0004638,F
GO:0006144,P
GO:0000751,P
GO:0016479,P
GO:0097695,P
GO:0051457,P
GO:0004810,F
GO:0052928,F
GO:0052929,F
GO:0001680,P
GO:0042594,P
GO:0006363,P
GO:0061093,P
GO:0003951,F
GO:0042736,F
GO:0006741,P
GO:0000389,P
GO:0000974,C
GO:0071014,C
GO:0071020,C
GO:0016156,F
GO:0034975,P
GO:0046443,P
GO:0001174,P
GO:0045053,P
GO:0060988,P
GO:0005770,C
GO:0005777,C
GO:0008495,F
GO:0006784,P
GO:0008298,P
GO:0004019,F
GO:1990883,F
GO:0016050,P
GO:0008177,F
GO:0045333,P
GO:0005749,C
GO:0000256,P
GO:1904031,P
GO:0004497,F
GO:0008310,F
GO:0006297,P
GO:0006167,P
GO:0004198,F
GO:0033314,P
GO:0035822,P
GO:0008622,C
GO:0004450,F
GO:0030968,P
GO:0004712,F
GO:0071472,P
GO:0004660,F
GO:0018343,P
GO:0005965,C
GO:0003980,F
GO:0070880,P
GO:0044205,P
GO:0070577,F
GO:0042148,P
GO:0042766,P
GO:1900189,P
GO:0042781,F
GO:0016788,F
GO:0016558,P
GO:0003905,F
GO:0008725,F
GO:0006285,P
GO:0019904,F
GO:0071806,P
GO:0004821,F
GO:0070124,P
GO:0004307,F
GO:0061133,F
GO:0019774,C
GO:0070628,F
GO:0000936,C
GO:0000184,P
GO:0043144,P
GO:0060261,P
GO:0070651,P
GO:0004725,F
GO:0032048,P
GO:0034758,P
GO:0045132,P
GO:0000940,C
GO:0003872,F
GO:0032465,P
GO:0032515,P
GO:0090502,P
GO:0031956,F
GO:0006751,P
GO:0010468,P
GO:0051252,P
GO:0006808,P
GO:0022898,P
GO:0045806,P
GO:0035543,P
GO:0006906,P
GO:0048279,P
GO:0012507,C
GO:0005856,C
GO:0031201,C
GO:0090307,P
GO:0000226,P
GO:0009202,P
GO:0042326,P
GO:0015036,F
GO:0006560,P
GO:0035925,F
GO:0080058,P
GO:0070935,P
GO:0030242,P
GO:0034271,C
GO:0034272,C
GO:0071561,C
GO:0005254,F
GO:0051792,P
GO:0034514,P
GO:0008202,P
GO:0016126,P
GO:1902476,P
GO:0034338,F
GO:0047372,F
GO:0004865,F
GO:0006268,P
GO:0030491,P
GO:0045184,P
GO:0005662,C
GO:0018022,P
GO:0004048,F
GO:0051788,P
GO:0071630,P
GO:0004839,F
GO:0034085,P
GO:0036297,P
GO:0030008,C
GO:0016279,F
GO:0004683,F
GO:0016303,F
GO:0000117,P
GO:0070588,P
GO:0051038,P
GO:0061186,P
GO:0061188,P
GO:0032221,C
GO:0033698,C
GO:0070822,C
GO:0031064,P
GO:0035307,P
GO:0080182,P
GO:1901407,P
GO:2000059,P
GO:0003843,F
GO:0046527,F
GO:2000749,P
GO:0016746,F
GO:0006749,P
GO:0009313,P
GO:0003906,F
GO:0008081,F
GO:0035615,F
GO:0008311,F
GO:0017005,F
GO:0007009,P
GO:0031417,C
GO:0005078,F
GO:0031382,P
GO:0031384,P
GO:0031385,P
GO:0036267,P
GO:2000251,P
GO:0000133,C
GO:0004602,F
GO:0051219,F
GO:0010044,P
GO:0042994,P
GO:0030695,F
GO:0009272,P
GO:0030159,F
GO:0004802,F
GO:0000976,F
GO:0009085,P
GO:0033565,C
GO:0004723,F
GO:0009749,P
GO:0000460,P
GO:0010498,P
GO:0000178,C
GO:0051571,P
GO:0004373,F
GO:0034974,C
GO:0005874,C
GO:0000384,F
GO:0000395,P
GO:0005682,C
GO:0006612,P
GO:0008901,F
GO:0004069,F
GO:0006532,P
GO:0019266,P
GO:0004709,F
GO:0032093,F
GO:0042765,C
GO:0015204,F
GO:0005353,F
GO:0015146,F
GO:0015578,F
GO:0018345,P
GO:0007117,P
GO:2000198,P
GO:0001073,F
GO:0000414,P
GO:0001178,P
GO:0043618,P
GO:0035327,C
GO:0051177,P
GO:0071459,P
GO:0072687,C
GO:0080129,P
GO:0000272,P
GO:0016592,C
GO:0000032,P
GO:0006487,P
GO:0015038,F
GO:0000009,F
GO:0008173,F
GO:0016272,C
GO:0004338,F
GO:0006073,P
GO:0016763,F
GO:0019988,P
GO:0015168,F
GO:0015254,F
GO:0006846,P
GO:0015700,P
GO:0015791,P
GO:0015793,P
GO:0000220,C
GO:0016562,P
GO:0042723,P
GO:0000900,F
GO:0003730,F
GO:0048027,F
GO:0006596,P
GO:0033387,P
GO:0008525,F
GO:0008526,F
GO:0046488,P
GO:0006688,P
GO:1901352,P
GO:2001246,P
GO:0008419,F
GO:0016074,P
GO:0032197,P
GO:0071021,C
GO:1900102,P
GO:0070868,P
GO:0004631,F
GO:0031388,P
GO:0004697,F
GO:0000386,F
GO:0035247,P
GO:0032186,P
GO:0060211,P
GO:0030427,C
GO:0071042,P
GO:1990120,P
GO:0031671,P
GO:0032888,P
GO:0035308,P
GO:0045737,P
GO:0005819,C
GO:1901673,P
GO:0004843,F
GO:0016579,P
GO:0008237,F
GO:0030490,P
GO:0097201,P
GO:0004175,F
GO:0008053,P
GO:0035339,C
GO:0001113,P
GO:0003838,F
GO:0008989,F
GO:0000154,P
GO:0006337,P
GO:0031116,P
GO:0051787,F
GO:0070843,P
GO:0005315,F
GO:0005384,F
GO:0097079,F
GO:0006797,P
GO:0018455,F
GO:0006817,P
GO:0097080,P
GO:0006378,P
GO:0072423,P
GO:0098789,P
GO:0005849,C
GO:0007120,P
GO:0008531,F
GO:0000707,P
GO:0033062,C
GO:0005788,C
GO:0070814,P
GO:0000721,F
GO:0034079,P
GO:0009249,P
GO:0030003,P
GO:0006900,P
GO:0032511,P
GO:0000815,C
GO:1903329,P
GO:0010008,C
GO:0000406,F
GO:0032135,F
GO:0043111,P
GO:0032302,C
GO:0046521,P
GO:0000246,F
GO:0000403,F
GO:0004177,F
GO:0045332,P
GO:0005545,F
GO:0010314,F
GO:0070273,F
GO:0000281,P
GO:0000921,P
GO:0010458,P
GO:0030011,P
GO:0043934,P
GO:0000144,C
GO:0001400,C
GO:0005876,C
GO:0031105,C
GO:0032160,C
GO:0042764,C
GO:0004816,F
GO:0070145,P
GO:0016459,C
GO:0006171,P
GO:0001406,F
GO:0015169,F
GO:0001407,P
GO:0015794,P
GO:0004122,F
GO:0004140,F
GO:0009141,P
GO:0020037,F
GO:0019898,C
GO:0032874,P
GO:0009922,F
GO:0030497,P
GO:0042761,P
GO:0019344,P
GO:0000467,P
GO:0043628,P
GO:0071035,P
GO:0071038,P
GO:0071051,P
GO:0000176,C
GO:0000177,C
GO:2000185,P
GO:0042283,F
GO:0051300,P
GO:0042626,F
GO:0004364,F
GO:0010731,P
GO:0018064,F
GO:0008106,F
GO:0006066,P
GO:0042038,P
GO:0015809,P
GO:0015819,P
GO:0003941,F
GO:0006565,P
GO:0008236,F
GO:0005619,C
GO:0046570,F
GO:0019509,P
GO:0031386,F
GO:0016616,F
GO:0035493,P
GO:0001188,P
GO:0045047,P
GO:0048471,C
GO:0072380,C
GO:2001158,P
GO:0031390,C
GO:0030137,C
GO:0033743,F
GO:0032974,P
GO:0071627,C
GO:0017059,C
GO:0045721,P
GO:0034657,C
GO:0031942,C
GO:0072546,C
GO:0072355,P
GO:0000309,F
GO:0034356,P
GO:0004860,F
GO:0006469,P
GO:0001096,F
GO:0016251,F
GO:1990529,C
GO:0016435,F
GO:0005674,C
GO:0034389,P
GO:0000076,P
GO:0033262,P
GO:0043570,P
GO:0048478,P
GO:0009231,P
GO:0043495,F
GO:0015174,F
GO:0015802,P
GO:0015299,F
GO:0034775,P
GO:0000729,P
GO:1902889,P
GO:1902915,P
GO:1904669,P
GO:0000813,C
GO:0009410,P
GO:0006081,P
GO:0008519,F
GO:0015123,F
GO:0015696,P
GO:0019740,P
GO:0005681,C
GO:0071361,P
GO:0015233,F
GO:0015887,P
GO:0043086,P
GO:0061645,C
GO:0030026,P
GO:0070476,P
GO:0034737,F
GO:0034738,F
GO:0016125,P
GO:0016586,C
GO:0000472,P
GO:0000480,P
GO:0034388,C
GO:0097255,C
GO:0004620,F
GO:0006624,P
GO:0006660,P
GO:0030397,P
GO:0034496,P
GO:0046461,P
GO:0005775,C
GO:0001731,P
GO:0033962,P
GO:0045947,P
GO:1990726,C
GO:0044090,P
GO:0033551,C
GO:0044182,P
GO:0034063,P
GO:1990124,C
GO:0010607,P
GO:0044183,F
GO:0051666,P
GO:0031902,C
GO:1990530,C
GO:0000346,C
GO:0019888,F
GO:0016320,P
GO:0030970,P
GO:0031134,P
GO:0034517,P
GO:0051228,P
GO:0051974,P
GO:0071712,P
GO:1990116,P
GO:1990171,P
GO:2001168,P
GO:0000837,C
GO:0000839,C
GO:0034098,C
GO:0036266,C
GO:1990112,C
GO:1902626,P
GO:0032137,F
GO:0032139,F
GO:0043504,P
GO:0006311,P
GO:0032301,C
GO:0097428,P
GO:0006307,P
GO:0043462,P
GO:0090295,P
GO:0031578,P
GO:1902543,P
GO:1990334,C
GO:0044774,P
GO:0033597,C
GO:0008409,F
GO:0017108,F
GO:0006286,P
GO:0030122,C
GO:0008612,P
GO:0030139,C
GO:0008139,F
GO:0019135,F
GO:0004849,F
GO:0008655,P
GO:0004639,F
GO:0004438,F
GO:0051229,P
GO:0030276,F
GO:0047150,F
GO:0090262,P
GO:2000232,P
GO:2001208,P
GO:0031515,C
GO:0032044,C
GO:0009337,C
GO:0003988,F
GO:0070840,F
GO:0000306,C
GO:0006491,P
GO:0006493,P
GO:0051012,P
GO:0010997,F
GO:0035299,F
GO:0000294,P
GO:0034965,P
GO:0000172,C
GO:0005655,C
GO:0031072,F
GO:0007094,P
GO:0000171,F
GO:0034513,F
GO:0031120,P
GO:0031429,C
GO:0004451,F
GO:0005962,C
GO:0004152,F
GO:0017168,F
GO:0004449,F
GO:0003883,F
GO:0006241,P
GO:0019856,P
GO:0097268,C
GO:0032120,P
GO:0051256,P
GO:0071597,C
GO:0000349,P
GO:0006641,P
GO:0050291,F
GO:0061576,C
GO:0034353,F
GO:0042720,C
GO:0043392,P
GO:0051972,P
GO:0110155,P
GO:0031138,P
GO:0003777,F
GO:0000022,P
GO:0000073,P
GO:0007019,P
GO:0005871,C
GO:0007026,P
GO:0046785,P
GO:0004418,F
GO:0005945,C
GO:0032581,P
GO:0045046,P
GO:0003860,F
GO:0008843,F
GO:0006032,P
GO:0017025,F
GO:0097550,C
GO:0000994,F
GO:0001156,F
GO:0001112,P
GO:0038083,P
GO:0051455,P
GO:0060628,P
GO:2000370,P
GO:2001159,P
GO:0035025,P
GO:0043937,P
GO:0001164,F
GO:1903501,P
GO:0042171,F
GO:0006654,P
GO:0033260,P
GO:1904931,F
GO:0004791,F
GO:0008198,F
GO:0016233,P
GO:0006449,P
GO:0004661,F
GO:0007323,P
GO:0004310,F
GO:0051996,F
GO:0004476,F
GO:0045740,P
GO:0004588,F
GO:0046132,P
GO:0005365,F
GO:0015798,P
GO:0004776,F
GO:0009361,C
GO:0031340,P
GO:0043515,F
GO:0140331,P
GO:0017150,F
GO:0044539,P
GO:1905329,P
GO:0002943,P
GO:0032781,P
GO:0097373,C
GO:0004326,F
GO:0043024,F
GO:0061711,F
GO:0006761,P
GO:0002182,P
GO:0006611,P
GO:0034501,P
GO:0032184,F
GO:0016314,F
GO:0045128,P
GO:1990166,P
GO:0000802,C
GO:0097196,C
GO:0010181,F
GO:1990481,P
GO:0004412,F
GO:0004123,F
GO:0019343,P
GO:0019346,P
GO:0004407,F
GO:0060917,P
GO:0007029,P
GO:0000812,C
GO:0000703,F
GO:0008534,F
GO:0015930,F
GO:0090297,P
GO:0042256,P
GO:0005337,F
GO:0034257,F
GO:0015851,P
GO:0015858,P
GO:0034258,P
GO:0004169,F
GO:0032527,P
GO:0035269,P
GO:0097582,C
GO:0097584,C
GO:0000175,F
GO:0005458,F
GO:0005847,C
GO:0043531,F
GO:0070370,P
GO:0070414,P
GO:0000137,C
GO:0004824,F
GO:0006430,P
GO:0070154,P
GO:1901553,P
GO:0004106,F
GO:0006571,P
GO:0009094,P
GO:0000465,P
GO:0008441,F
GO:0042538,P
GO:0004370,F
GO:0004368,F
GO:0000023,P
GO:0006071,P
GO:0006561,P
GO:0004349,F
GO:0004392,F
GO:0008251,F
GO:0002100,P
GO:0030659,C
GO:0061025,P
GO:0031304,C
GO:0097002,C
GO:0003986,F
GO:0008775,F
GO:0006083,P
GO:0052837,P
GO:0005048,F
GO:0000917,P
GO:0061013,P
GO:0071432,P
GO:0046658,C
GO:0035725,P
GO:0005342,F
GO:0015187,F
GO:0015116,F
GO:0015131,F
GO:0034658,F
GO:1901239,F
GO:0008272,P
GO:0015729,P
GO:0034659,P
GO:0045898,P
GO:0051293,P
GO:0007088,P
GO:0060188,P
GO:0042167,P
GO:0005640,C
GO:0008137,F
GO:0006120,P
GO:0043065,P
GO:1990871,C
GO:0051173,P
GO:0016531,F
GO:1902660,P
GO:2000002,P
GO:2001034,P
GO:0008597,F
GO:0030289,C
GO:0004853,F
GO:0016480,P
GO:0035649,C
GO:0042558,P
GO:0019706,F
GO:0000247,F
GO:0000248,F
GO:0061493,C
GO:1903087,P
GO:0097250,P
GO:0004555,F
GO:0005993,P
GO:0000244,P
GO:0017176,F
GO:0000506,C
GO:0052840,F
GO:0043812,F
GO:0005797,C
GO:0030173,C
GO:0004038,F
GO:0009442,P
GO:0004163,F
GO:0008412,F
GO:0005822,C
GO:0005823,C
GO:0004867,F
GO:0034314,P
GO:0005885,C
GO:0004435,F
GO:0009395,P
GO:0046685,P
GO:0046686,P
GO:0006735,P
GO:0001932,P
GO:0033523,P
GO:0035066,P
GO:0004076,F
GO:0009102,P
GO:0004664,F
GO:0032043,P
GO:0031107,P
GO:0050385,F
GO:0017183,P
GO:0047804,F
GO:0019264,P
GO:0008645,P
GO:0017177,C
GO:0004164,F
GO:0005528,F
GO:0003756,F
GO:0019153,F
GO:0004506,F
GO:0004357,F
GO:0006750,P
GO:0000417,C
GO:0036402,F
GO:1901800,P
GO:0045903,P
GO:0005850,C
GO:0016282,C
GO:0015926,F
GO:0006078,P
GO:0016255,P
GO:0045145,F
GO:0048309,P
GO:0015095,F
GO:0000469,P
GO:0031118,P
GO:0000973,P
GO:0036228,P
GO:0031518,C
GO:0051233,C
GO:0008097,F
GO:0008143,F
GO:0033204,F
GO:0043488,P
GO:1900152,P
GO:0070134,P
GO:0043967,P
GO:0043968,P
GO:0001165,F
GO:0000500,C
GO:0034067,P
GO:0034724,P
GO:0035101,C
GO:0070899,P
GO:0061739,P
GO:0001042,F
GO:0070932,P
GO:0070933,P
GO:0000118,C
GO:1903692,P
GO:0000712,P
GO:0070194,P
GO:0090306,P
GO:1902542,P
GO:1903353,P
GO:0000922,C
GO:0042308,P
GO:0008540,C
GO:0032995,P
GO:0008195,F
GO:0006276,P
GO:0019432,P
GO:0010767,P
GO:0008559,F
GO:0006275,P
GO:0010992,P
GO:0010995,P
GO:0070676,P
GO:0008670,F
GO:0009062,P
GO:0043254,P
GO:0008250,C
GO:0070525,P
GO:0000957,P
GO:0045025,C
GO:0040020,P
GO:0006535,P
GO:0000262,C
GO:0018027,P
GO:0008859,F
GO:0017050,F
GO:0001727,F
GO:0006913,P
GO:0004671,F
GO:0006481,P
GO:0006665,P
GO:0008266,F
GO:0000774,F
GO:0042277,F
GO:0042306,P
GO:0015616,F
GO:0007010,P
GO:0140326,F
GO:0015075,F
GO:1905037,P
GO:0070649,P
GO:0006892,P
GO:0004331,F
GO:1990247,F
GO:0071211,P
GO:0061157,P
GO:0030619,F
GO:0005685,C
GO:0000964,P
GO:0031930,P
GO:0071400,P
GO:0001079,P
GO:0047184,F
GO:0010009,C
GO:1990071,C
GO:0071454,P
GO:0004382,F
GO:0045134,F
GO:0006037,P
GO:0006517,P
GO:0000388,P
GO:0051377,F
GO:0031389,C
GO:0000224,F
GO:0034622,P
GO:0030515,F
GO:0052845,F
GO:0046547,F
GO:0003839,F
GO:0035064,F
GO:0016776,F
GO:0071441,P
GO:0071894,P
GO:1900050,P
GO:1902275,P
GO:2000104,P
GO:2000616,P
GO:0030874,C
GO:0007163,P
GO:0070867,C
GO:1990531,C
GO:0005537,F
GO:0032790,P
GO:0070966,P
GO:1990533,C
GO:0033833,F
GO:0051903,F
GO:0033859,P
GO:0046294,P
GO:0052847,F
GO:0003844,F
GO:0004482,F
GO:0004366,F
GO:0046855,P
GO:0016287,F
GO:0004479,F
GO:0070860,C
GO:0000293,F
GO:0006826,P
GO:0015677,P
GO:0002926,P
GO:0004176,F
GO:0045041,P
GO:0004092,F
GO:0009437,P
GO:0071166,P
GO:1990879,C
GO:0015087,F
GO:0033588,C
GO:0006824,P
GO:0006829,P
GO:0019205,F
GO:0003939,F
GO:0006062,P
GO:0000902,P
GO:0031954,P
GO:1902935,P
GO:1903830,P
GO:0000006,F
GO:0061426,P
GO:0043564,C
GO:0010791,P
GO:0051037,P
GO:0008420,F
GO:0016274,F
GO:0061158,P
GO:0051568,P
GO:0071933,F
GO:0034316,P
GO:0005664,C
GO:0006997,P
GO:0015495,F
GO:0035544,P
GO:0010994,P
GO:0003983,F
GO:0070569,F
GO:0005992,P
GO:0006011,P
GO:0032392,P
GO:0004663,F
GO:0043325,F
GO:0031321,P
GO:0016992,F
GO:0004458,F
GO:1903457,P
GO:0006891,P
GO:0006015,P
GO:0004749,F
GO:0002189,C
GO:0090180,P
GO:2001172,P
GO:0005744,C
GO:0003841,F
GO:0034457,C
GO:0042937,F
GO:0015833,P
GO:0004571,F
GO:0035977,P
GO:0003680,F
GO:0034990,C
GO:0030904,C
GO:0030905,C
GO:0001181,F
GO:0015450,F
GO:0044743,P
GO:0005784,C
GO:0005047,F
GO:0005785,C
GO:0000320,P
GO:0010697,P
GO:0044879,P
GO:0090154,P
GO:0090029,P
GO:0045821,P
GO:0030258,P
GO:0070180,F
GO:0046474,P
GO:0070682,P
GO:0045732,P
GO:0006675,P
GO:0005469,F
GO:0015741,P
GO:0015744,P
GO:0010628,P
GO:0005049,F
GO:0004521,F
GO:0015421,F
GO:0090374,P
GO:0008703,F
GO:0004170,F
GO:0035870,F
GO:0009213,P
GO:0035863,P
GO:0046081,P
GO:0000495,P
GO:0004352,F
GO:0030658,C
GO:0004648,F
GO:0009070,P
GO:0017070,F
GO:0030620,F
GO:0030623,F
GO:0097157,F
GO:0042791,P
GO:0000127,C
GO:0001002,F
GO:0071469,P
GO:0071048,P
GO:0004306,F
GO:0015489,F
GO:0015606,F
GO:0015840,P
GO:0015847,P
GO:0015848,P
GO:0071528,P
GO:0006529,P
GO:1904659,P
GO:0005869,C
GO:0036278,P
GO:0000107,F
GO:0004359,F
GO:0061395,P
GO:0061402,P
GO:0061403,P
GO:0061405,P
GO:0061406,P
GO:0061407,P
GO:0004864,F
GO:0061409,P
GO:0061411,P
GO:0061422,P
GO:0071483,P
GO:0000179,F
GO:0005262,F
GO:0009966,P
GO:0019439,P
GO:0046281,P
GO:0030696,F
GO:0051908,F
GO:0043666,P
GO:0050072,F
GO:0097583,C
GO:0071497,P
GO:0070939,C
GO:0006448,P
GO:0019752,P
GO:2000220,P
GO:0006999,P
GO:0044612,C
GO:0010507,P
GO:0030906,C
GO:0000243,C
GO:0005846,C
GO:0000977,F
GO:0010689,P
GO:0010691,P
GO:0004771,F
GO:0045471,P
GO:0034057,F
GO:0044804,P
GO:0097010,P
GO:0032467,P
GO:0033100,C
GO:1990467,C
GO:1990468,C
GO:0009089,P
GO:0032435,P
GO:0034221,P
GO:0008379,F
GO:1902001,P
GO:0015909,P
GO:1900461,P
GO:0052861,F
GO:1900477,P
GO:0045277,C
GO:0048193,P
GO:1904263,P
GO:1990877,C
GO:0031333,P
GO:0071163,P
GO:0043066,P
GO:0009306,P
GO:0019207,F
GO:0051920,F
GO:0006111,P
GO:0033194,P
GO:0042262,P
GO:0061077,P
GO:0005052,F
GO:1990429,C
GO:0001558,P
GO:0031929,P
GO:1905356,P
GO:0031234,C
GO:0031931,C
GO:0016031,P
GO:0032596,P
GO:0010947,P
GO:0031860,P
GO:1901525,P
GO:0000334,F
GO:0045547,F
GO:0019408,P
GO:1904423,C
GO:0030037,P
GO:0008278,C
GO:0004751,F
GO:0042407,P
GO:0046337,P
GO:0004788,F
GO:0047386,F
GO:0032931,F
GO:0097043,P
GO:0090334,P
GO:0001732,P
GO:0010961,P
GO:0007032,P
GO:0031083,C
GO:0036002,F
GO:0031080,C
GO:1901524,P
GO:0051987,P
GO:0042729,C
GO:0009301,P
GO:0031452,P
GO:0090054,P
GO:1900051,P
GO:0043998,F
GO:0009968,P
GO:0008142,F
GO:0015918,P
GO:0010922,P
GO:0035621,P
GO:0000138,C
GO:0005769,C
GO:0006879,P
GO:0004417,F
GO:0004789,F
GO:0030848,F
GO:0042219,P
GO:0004550,F
GO:0006165,P
GO:0030543,P
GO:0043505,C
GO:0004470,F
GO:0047066,F
GO:0031315,C
GO:0036258,P
GO:0097602,F
GO:0040001,P
GO:0000235,C
GO:0005868,C
GO:0071513,C
GO:0004633,F
GO:0070063,F
GO:0009132,P
GO:1990143,C
GO:0004888,F
GO:0000767,P
GO:0010447,P
GO:0000814,C
GO:0016810,F
GO:0015355,F
GO:0006849,P
GO:0035879,P
GO:2000601,P
GO:0071897,P
GO:0006402,P
GO:0030523,F
GO:0031591,P
GO:0030346,F
GO:0019722,P
GO:0004128,F
GO:0005302,F
GO:0015186,F
GO:0015188,F
GO:0033617,P
GO:1903896,P
GO:0015937,P
GO:0032542,F
GO:0045131,F
GO:0000348,P
GO:0005821,C
GO:0044695,C
GO:0005673,C
GO:0061503,F
GO:0061504,P
GO:0031251,C
GO:0045140,F
GO:0006673,P
GO:0070916,C
GO:0032934,F
GO:0044284,C
GO:0061617,C
GO:0090156,P
GO:0030140,C
GO:0032386,P
GO:2000397,P
GO:0071008,C
GO:0034044,C
GO:0004630,F
GO:0006644,P
GO:0140312,F
GO:0030014,C
GO:0006898,P
GO:0030121,C
GO:0000408,C
GO:0050278,F
GO:0046390,P
GO:0008466,F
GO:0000448,P
GO:0001405,C
GO:0007095,P
GO:0097502,P
GO:0033106,C
GO:1990070,C
GO:1990072,C
GO:0004851,F
GO:0045019,P
GO:0140359,F
GO:1901299,P
GO:0034414,P
GO:0042780,P
GO:1990180,P
GO:0035694,P
GO:0004806,F
GO:0047499,F
GO:0006642,P
GO:0007114,P
GO:0019433,P
GO:0035023,P
GO:0004831,F
GO:0006437,P
GO:0000215,F
GO:0004614,F
GO:0019255,P
GO:0019388,P
GO:0005247,F
GO:0046820,F
GO:0008153,P
GO:0004372,F
GO:0017196,P
GO:0006121,P
GO:0004793,F
GO:0008732,F
GO:0006545,P
GO:0051693,P
GO:0003937,F
GO:0004643,F
GO:0010038,P
GO:0019238,F
GO:0009013,F
GO:0006540,P
GO:0004362,F
GO:0005796,C
GO:0000828,F
GO:0090501,P
GO:0047953,F
GO:0035241,F
GO:0035242,F
GO:0018216,P
GO:0060567,P
GO:1900464,P
GO:0022893,F
GO:0015827,P
GO:0015828,P
GO:0032220,P
GO:0045144,P
GO:0004820,F
GO:0006426,P
GO:0070150,P
GO:1902269,P
GO:1902274,P
GO:0006975,P
GO:0016572,P
GO:0043458,P
GO:0045290,F
GO:0044262,P
GO:0016423,F
GO:0003864,F
GO:0008318,F
GO:0015244,F
GO:0072583,P
GO:0015218,F
GO:0006864,P
GO:0031461,C
GO:0050203,F
GO:0033611,P
GO:0033919,F
GO:0055088,P
GO:0006354,P
GO:0036436,C
GO:0036437,C
GO:0004746,F
GO:0019001,F
GO:0008138,F
GO:0008242,F
GO:0061672,C
GO:0005371,F
GO:0006843,P
GO:0030123,C
GO:0005352,F
GO:0000017,P
GO:0018342,P
GO:0032450,F
GO:0033934,F
GO:0035859,C
GO:0097042,C
GO:0004805,F
GO:0004502,F
GO:0034354,P
GO:0070058,P
GO:0035551,P
GO:0052925,F
GO:0006490,P
GO:0051292,P
GO:0044611,C
GO:0106306,F
GO:0044805,P
GO:0005776,C
GO:0106307,F
GO:0015213,F
GO:0015862,P
GO:0048255,P
GO:0008610,P
GO:0000792,C
GO:0038024,F
GO:0005688,C
GO:0034203,P
GO:0007534,P
GO:0051028,P
GO:0006033,P
GO:0031267,F
GO:0003825,F
GO:0047407,F
GO:0004605,F
GO:0006658,P
GO:0016024,P
GO:0070319,C
GO:0018026,P
GO:0010509,P
GO:0034553,P
GO:0003960,F
GO:0032440,F
GO:0080009,P
GO:2000221,P
GO:0036396,C
GO:0032264,P
GO:0000779,C
GO:0002188,P
GO:0060304,P
GO:0072659,P
GO:0090158,P
GO:0032541,C
GO:0033101,C
GO:0005663,C
GO:0031391,C
GO:0048476,C
GO:0034089,P
GO:0034090,P
GO:0010827,P
GO:0001786,F
GO:0044395,P
GO:0097352,P
GO:0035658,C
GO:0035243,F
GO:0005824,C
GO:0032174,C
GO:0008757,F
GO:0016433,F
GO:0034488,P
GO:0045703,F
GO:0003954,F
GO:0034319,F
GO:0051793,P
GO:0070774,F
GO:0046514,P
GO:0007007,P
GO:0015085,F
GO:0032468,P
GO:0061710,F
GO:0004527,F
GO:0000817,C
GO:0006501,P
GO:0034274,C
GO:0070260,F
GO:1904287,P
GO:0033557,C
GO:1990593,F
GO:0033750,P
GO:0019776,F
GO:0015379,F
GO:0034486,P
GO:0055075,P
GO:0031166,C
GO:0061685,F
GO:0042134,F
GO:0030677,C
GO:0048188,C
GO:0042800,F
GO:0071885,F
GO:0018016,P
GO:0047560,F
GO:0006666,P
GO:0038203,P
GO:0031932,C
GO:0016627,F
GO:0032126,C
GO:0000104,F
GO:1990269,F
GO:0001015,P
GO:0031126,P
GO:0051569,P
GO:0070911,P
GO:2001163,P
GO:2001165,P
GO:2001166,P
GO:2001173,P
GO:2001255,P
GO:0016593,C
GO:0031509,P
GO:0071261,C
GO:0043682,F
GO:0008551,F
GO:0015319,F
GO:0035435,P
GO:0005946,C
GO:0097027,F
GO:0097051,P
GO:0050992,P
GO:0005092,F
GO:0000250,F
GO:0070726,P
GO:0045505,F
GO:0007231,P
GO:0051959,F
GO:0003689,F
GO:0004610,F
GO:0006075,P
GO:0000148,C
GO:0019789,F
GO:0030291,F
GO:1990683,P
GO:0030915,C
GO:0004401,F
GO:0006825,P
GO:0031144,P
GO:0048205,P
GO:0046041,P
GO:0015377,F
GO:0046940,P
GO:0004826,F
GO:0098787,P
GO:1990961,P
GO:0003938,F
GO:0006183,P
GO:0004309,F
GO:0006798,P
GO:0015228,F
GO:0015880,P
GO:0008061,F
GO:1990935,F
GO:0008934,F
GO:0032866,F
GO:0032366,P
GO:0004616,F
GO:1904855,F
GO:0015343,F
GO:0009237,P
GO:0015891,P
GO:0015191,F
GO:0051266,F
GO:0043014,F
GO:0051058,P
GO:2000785,P
GO:1990130,C
GO:0070182,F
GO:1902597,P
GO:0000725,P
GO:0035861,C
GO:0003850,F
GO:0022890,F
GO:0006877,P
GO:0030163,P
GO:0042406,C
GO:0034475,P
GO:0071049,P
GO:0009019,F
GO:0002939,P
GO:0070901,P
GO:0052689,F
GO:1990577,P
GO:0003725,F
GO:0034476,P
GO:0071028,P
GO:0071033,P
GO:0071039,P
GO:1901917,P
GO:0043555,P
GO:0097344,C
GO:0016070,P
GO:0047834,F
GO:0030127,C
GO:0016073,P
GO:0040031,P
GO:0071916,F
GO:0008962,F
GO:0032049,P
GO:0003959,F
GO:0019787,F
GO:1990904,C
GO:0007052,P
GO:0000277,F
GO:0004792,F
GO:0016783,F
GO:0042292,F
GO:0070733,F
GO:1903450,P
GO:0002143,P
GO:0045010,P
GO:0090337,P
GO:0033108,P
GO:1904680,F
GO:1903341,P
GO:0032183,F
GO:0061665,F
GO:0010224,P
GO:0010225,P
GO:0016925,P
GO:1990414,P
GO:1990466,P
GO:0009072,P
GO:1903775,P
GO:2000001,P
GO:0035361,C
GO:0008360,P
GO:0060627,P
GO:1990615,C
GO:0030837,P
GO:0050833,F
GO:0006850,P
GO:1905216,P
GO:0019778,F
GO:0019779,F
GO:0032446,P
GO:0005375,F
GO:0015680,P
GO:0004499,F
GO:0003877,F
GO:0098745,C
GO:0097020,F
GO:0070056,C
GO:0050262,F
GO:0071786,P
GO:0071782,C
GO:0005854,C
GO:1900208,P
GO:0034455,C
GO:0036508,P
GO:0097466,P
GO:1904380,P
GO:1904382,P
GO:0043530,F
GO:0000156,F
GO:0051754,P
GO:0070199,P
GO:0051382,P
GO:0007006,P
GO:0031309,C
GO:0012505,C
GO:0003919,F
GO:0006747,P
GO:0000713,P
GO:0097587,C
GO:0000095,F
GO:0015805,P
GO:0015295,F
GO:0006876,P
GO:0005504,F
GO:0032153,C
GO:0032545,C
GO:0048210,P
GO:0035673,F
GO:0016772,F
GO:0006676,P
GO:0034219,P
GO:0010951,P
GO:0005300,F
GO:0015173,F
GO:0015801,P
GO:0006352,P
GO:0004642,F
GO:1990446,F
GO:0010032,P
GO:0051307,P
GO:1903342,P
GO:1901925,P
GO:0032133,C
GO:0019933,P
GO:0000170,F
GO:0016709,F
GO:0004322,F
GO:0033215,P
GO:1901684,P
GO:0033573,C
GO:0016308,F
GO:0019829,F
GO:0060003,P
GO:0012510,C
GO:0001068,F
GO:0030847,P
GO:0034472,P
GO:0071034,P
GO:0071041,P
GO:0004754,F
GO:0004755,F
GO:0000746,P
GO:0001081,P
GO:0009847,P
GO:0010673,P
GO:0010674,P
GO:0031957,F
GO:0001682,P
GO:0006077,P
GO:0004609,F
GO:0010636,P
GO:0010954,P
GO:0004579,F
GO:0070574,P
GO:0006465,P
GO:0030100,P
GO:0004311,F
GO:0004515,F
GO:0045142,F
GO:0043558,P
GO:1902416,P
GO:0000741,P
GO:0031441,P
GO:0031648,P
GO:0060258,P
GO:1901605,P
GO:1904877,P
GO:0032177,C
GO:0070130,P
GO:0004622,F
GO:0006650,P
GO:0036151,P
GO:0000033,F
GO:0005053,F
GO:0000995,F
GO:0015431,F
GO:0007021,P
GO:0010603,P
GO:0045900,P
GO:0098562,C
GO:0010688,P
GO:0004160,F
GO:0006314,P
GO:0061163,P
GO:0097573,F
GO:0015293,F
GO:0017110,F
GO:0009134,P
GO:0005884,C
GO:0071986,C
GO:0019368,P
GO:0006996,P
GO:0061780,P
GO:0006259,P
GO:0030833,P
GO:0008821,F
GO:0016966,F
GO:0007030,P
GO:0071218,P
GO:1902170,P
GO:0004516,F
GO:0019358,P
GO:0034386,F
GO:0070762,C
GO:0004783,F
GO:0051607,P
GO:0044718,P
GO:0005905,C
GO:0004711,F
GO:0031589,P
GO:0004862,F
GO:0032794,F
GO:0031398,P
GO:0015230,F
GO:0015883,P
GO:0055074,P
GO:0071476,P
GO:0031638,P
GO:0016653,F
GO:0032000,P
GO:0089716,C
GO:0010821,P
GO:0007020,P
GO:0042255,P
GO:0000818,C
GO:0061987,P
GO:0070337,F
GO:0070338,F
GO:0008092,F
GO:0097320,P
GO:1990528,C
GO:0015795,P
GO:0015797,P
GO:0004673,F
GO:0009927,F
GO:0007234,P
GO:0018106,P
GO:0016281,C
GO:0000430,P
GO:0010768,P
GO:0034644,P
GO:1903033,P
GO:0032977,F
GO:0097177,F
GO:0006637,P
GO:0032454,F
GO:0051864,F
GO:0005093,F
GO:0071255,P
GO:0071562,P
GO:0099615,F
GO:0019249,P
GO:0047812,F
GO:0046416,P
GO:0070458,P
GO:0051278,P
GO:0015344,F
GO:0061817,P
GO:0000123,C
GO:0009303,P
GO:0055092,P
GO:0015910,P
GO:0008478,F
GO:0042823,P
GO:0005462,F
GO:0015786,P
GO:0015631,F
GO:0042564,C
GO:0042128,P
GO:0106004,P
GO:0106143,C
GO:0035371,C
GO:0071013,C
GO:0031262,C
GO:0052712,F
GO:0030149,P
GO:0050661,F
GO:0008252,F
GO:0052642,F
GO:0009166,P
GO:0070328,P
GO:0090549,P
GO:0008113,F
GO:0035434,P
GO:0005981,P
GO:0051731,F
GO:0022618,P
GO:0006112,P
GO:0006799,P
GO:0031310,C
GO:0033254,C
GO:0004029,F
GO:0004030,F
GO:0019413,P
GO:0019464,P
GO:0003873,F
GO:0004617,F
GO:0061759,F
GO:0045048,P
GO:0043529,C
GO:0030950,P
GO:0006110,P
GO:0010789,P
GO:0045859,P
GO:0032452,F
GO:2000728,P
GO:0006256,P
GO:0006482,P
GO:0033768,C
GO:0005313,F
GO:0015183,F
GO:0033149,F
GO:0032377,P
GO:0010969,P
GO:0005732,C
GO:0030532,C
GO:0070940,P
GO:0004856,F
GO:0061608,F
GO:0030071,P
GO:0042732,P
GO:0043633,P
GO:0032116,C
GO:0000301,P
GO:0017119,C
GO:0017054,C
GO:0000121,F
GO:0006114,P
GO:0070778,P
GO:0006282,P
GO:0033567,P
GO:0033512,P
GO:0071985,P
GO:0046830,P
GO:0045003,P
GO:0000811,C
GO:0009204,P
GO:0016532,F
GO:0031123,P
GO:0047780,F
GO:0061656,F
GO:0071618,F
GO:0015386,F
GO:0005249,F
GO:0005267,F
GO:0000737,P
GO:0019899,F
GO:0008681,F
GO:0010960,P
GO:0005745,C
GO:0036261,P
GO:0046027,F
GO:0006672,P
GO:0019915,P
GO:0097038,C
GO:0004581,F
GO:0001208,P
GO:0004026,F
GO:1901089,P
GO:0008418,F
GO:0070773,F
GO:0004042,F
GO:0016868,F
GO:0008623,C
GO:0004665,F
GO:0071805,P
GO:0005522,F
GO:0015693,P
GO:0016830,F
GO:0004592,F
GO:2000765,P
GO:0032298,P
GO:0034244,P
GO:0090055,P
GO:0090282,P
GO:0090419,P
GO:1903468,P
GO:0140658,F
GO:0006753,P
GO:0070390,C
GO:0090615,P
GO:0000140,F
GO:1990381,F
GO:0048500,C
GO:0019693,P
GO:0033550,F
GO:0046625,F
GO:0031065,P
GO:0070042,F
GO:0070475,P
GO:0047046,F
GO:0004020,F
GO:0043128,P
GO:0043629,P
GO:0071031,P
GO:0071036,P
GO:0071037,P
GO:0031499,C
GO:0004652,F
GO:0006901,P
GO:0090173,P
GO:0030690,C
GO:0001919,P
GO:0007040,P
GO:0042632,P
GO:0061420,P
GO:0003865,F
GO:0071230,P
GO:0031416,C
GO:0004740,F
GO:0015976,P
GO:0071244,P
GO:0016926,P
GO:0003949,F
GO:1905342,P
GO:0005477,F
GO:0051724,F
GO:0035352,P
GO:1904564,C
GO:0004439,F
GO:0016071,P
GO:0070336,F
GO:0060543,P
GO:0034642,P
GO:0070274,C
GO:0006557,P
GO:0031335,P
GO:0010723,P
GO:1990524,C
GO:0004526,F
GO:0061399,P
GO:0061419,P
GO:0035065,P
GO:0050664,F
GO:0010795,P
GO:0004300,F
GO:0018812,F
GO:0043727,F
GO:0005427,F
GO:0006857,P
GO:0016437,F
GO:0010512,P
GO:0090268,P
GO:0052927,F
GO:0051312,P
GO:0000963,P
GO:0008574,F
GO:0045861,P
GO:0070584,P
GO:0016407,F
GO:0033255,C
GO:0006835,P
GO:0048487,F
GO:0009383,F
GO:0030541,P
GO:0010513,P
GO:0003985,F
GO:0006990,P
GO:0032038,F
GO:0034508,P
GO:0071322,P
GO:0005519,F
GO:0030953,P
GO:0034652,P
GO:0051538,F
GO:0015917,P
GO:0042174,P
GO:0106074,P
GO:0016429,F
GO:0015275,F
GO:0001734,F
GO:0072542,F
GO:0001111,P
GO:0080163,P
GO:0047617,F
GO:0019395,P
GO:0015908,P
GO:0031211,C
GO:0000319,F
GO:0000316,P
GO:0004475,F
GO:0030846,P
GO:1900364,P
GO:1901901,P
GO:0005998,P
GO:0008810,F
GO:0030428,C
GO:0034270,C
GO:0043813,F
GO:0070772,C
GO:0007166,P
GO:0044088,P
GO:0043916,F
GO:0052821,F
GO:0052822,F
GO:0004430,F
GO:0072670,P
GO:0003977,F
GO:0006048,P
GO:0008614,P
GO:0042995,C
GO:0097237,P
GO:0033120,P
GO:0001934,P
GO:0008453,F
GO:0019265,P
GO:0019912,F
GO:0050185,F
GO:0006505,P
GO:0034368,P
GO:0072517,C
GO:1990113,P
GO:1990114,P
GO:1990115,P
GO:0004343,F
GO:0010945,F
GO:0016504,F
GO:0061136,P
GO:1990236,P
GO:0032516,P
GO:1900180,P
GO:0071027,P
GO:0030685,C
GO:0045818,P
GO:0002092,P
GO:0018393,P
GO:0032200,P
GO:0070573,F
GO:0004514,F
GO:0006790,P
GO:0019450,P
GO:0009063,P
GO:0050440,F
GO:0019629,P
GO:0048254,P
GO:0035974,C
GO:0006424,P
GO:0031593,F
GO:0051351,P
GO:0030029,P
GO:0010944,P
GO:0070896,P
GO:0032466,P
GO:0051990,F
GO:0031428,C
GO:0034473,P
GO:0030866,P
GO:0015931,P
GO:0061091,P
GO:2000218,P
GO:0010966,P
GO:0070692,C
GO:0005787,C
GO:0004750,F
GO:0097586,C
GO:0000136,C
GO:0000935,C
GO:0043200,P
GO:0017157,P
GO:2000114,P
GO:0000339,F
GO:0090599,F
GO:0004114,F
GO:0140613,F
GO:0032216,F
GO:0055070,P
GO:0004061,F
GO:0016212,F
GO:0047536,F
GO:0034276,P
GO:0015485,F
GO:0031297,P
GO:0046822,P
GO:0032837,P
GO:0008976,F
GO:0048016,P
GO:0031224,C
GO:0003333,P
GO:0030429,F
GO:0004040,F
GO:0043864,F
GO:0045022,P
GO:0043291,C
GO:0016072,P
GO:0009986,C
GO:0008828,F
GO:0036217,F
GO:0036218,F
GO:0036219,F
GO:0036220,F
GO:0036221,F
GO:0036222,F
GO:0047840,F
GO:0009217,P
GO:0006080,P
GO:0030864,C
GO:0032473,C
GO:0000142,C
GO:0051213,F
GO:1903147,P
GO:0070316,P
GO:0051286,C
GO:0071586,P
GO:0032453,F
GO:0015934,C
GO:0034720,P
GO:0060623,P
GO:1904388,P
GO:0018023,P
GO:0003962,F
GO:0000310,F
GO:0004422,F
GO:0032265,P
GO:0046100,P
GO:0031669,P
GO:0000097,P
GO:0010772,P
GO:0032007,P
GO:0004084,F
GO:0004650,F
GO:0045490,P
GO:0097585,C
GO:0006598,P
GO:0019483,P
GO:0015093,F
GO:0051285,C
GO:0006544,P
GO:0015039,F
GO:0016247,F
GO:0090372,P
GO:0048208,P
GO:0070973,P
GO:0070971,C
GO:0004077,F
GO:0071734,F
GO:0009305,P
GO:0034450,F
GO:0000151,C
GO:0070149,P
GO:0046874,P
GO:0070210,C
GO:0070152,P
GO:0070184,P
GO:0051645,P
GO:0051646,P
GO:0071044,P
GO:0071050,P
GO:0010629,P
GO:0035376,P
GO:0042307,P
GO:0031901,C
GO:0043087,P
GO:0008315,P
GO:0004410,F
GO:0001207,P
GO:0030896,C
GO:0035800,F
GO:0007584,P
GO:2000158,P
GO:1900186,P
GO:0015629,C
GO:0043334,F
GO:0004066,F
GO:1990573,P
GO:0003999,F
GO:0006168,P
GO:0000387,P
GO:0017069,F
GO:0005245,F
GO:0045117,P
GO:0044778,P
GO:0051099,P
GO:0034729,P
GO:0071819,C
GO:0019243,P
GO:0040008,P
GO:0008793,F
GO:0036137,F
GO:0010971,P
GO:0042631,P
GO:0046592,F
GO:0046208,P
GO:0001578,P
GO:0051255,P
GO:0000102,F
GO:0000101,P
GO:0004015,F
GO:0042176,P
GO:0072686,C
GO:0071421,P
GO:0017022,F
GO:0097361,C
GO:0031510,C
GO:0004743,F
GO:0031371,C
GO:0019948,F
GO:0019788,F
GO:0045116,P
GO:0005684,C
GO:0004021,F
GO:0006523,P
GO:0006524,P
GO:0005639,C
GO:0032165,C
GO:0004573,F
GO:0004535,F
GO:0034502,P
GO:0051103,P
GO:0140588,P
GO:0004698,F
GO:0000254,F
GO:0005364,F
GO:0015574,F
GO:0015768,P
GO:0015771,P
GO:0004731,F
GO:0140586,F
GO:0042908,P
GO:0009116,P
GO:1990174,F
GO:2001160,P
GO:0043829,F
GO:0005793,C
GO:0006206,P
GO:0070463,F
GO:0031115,P
GO:0070462,P
GO:0008721,F
GO:0070178,P
GO:0045129,F
GO:0051180,P
GO:0004121,F
GO:0000421,C
GO:0004090,F
GO:0005826,C
GO:1902716,C
GO:1903475,P
GO:0031489,F
GO:0006903,P
GO:0071458,C
GO:1902975,P
GO:0097752,P
GO:0032807,C
GO:0008374,F
GO:0019563,P
GO:0071988,P
GO:0110083,P
GO:0000210,F
GO:0006734,P
GO:1990400,F
GO:1902775,P
GO:0101018,P
GO:0008175,F
GO:0043541,C
GO:0008936,F
GO:0004577,F
GO:0045842,P
GO:1903364,P
GO:2000060,P
GO:1990344,P
GO:0044387,P
GO:0009435,P
GO:1990275,F
GO:0008193,F
GO:0047874,F
GO:0090155,P
GO:0004376,F
GO:0006605,P
GO:0005324,F
GO:0015225,F
GO:0015878,P
GO:0005780,C
GO:0061632,F
GO:0062037,F
GO:0015078,F
GO:0062128,C
GO:0070545,C
GO:0004623,F
GO:0005615,C
GO:0035965,P
GO:0004462,F
GO:0019303,P
GO:0097749,P
GO:0005940,C
GO:0015630,C
GO:1900063,P
GO:0000297,F
GO:0000296,P
GO:0006885,P
GO:0009299,P
GO:0000276,C
GO:0140223,F
GO:1990131,C
GO:0009636,P
GO:0034209,P
GO:0106211,F
GO:0004775,F
GO:0006104,P
GO:0009187,P
GO:0006869,P
GO:0016712,F
GO:0046943,F
GO:0046942,P
GO:1903222,P
GO:0034084,F
GO:0034210,P
GO:0002107,P
GO:0034415,P
GO:0004595,F
GO:0031227,C
GO:0000494,P
GO:0004528,F
GO:0004551,F
GO:0034506,C
GO:0000025,P
GO:0015807,P
GO:0035529,F
GO:2000767,P
GO:0015665,F
GO:0015850,P
GO:0044732,C
GO:0008977,F
GO:0102756,F
GO:0070583,P
GO:0071474,P
GO:0004089,F
GO:0008204,P
GO:0004141,F
GO:0051575,F
GO:0034755,P
GO:0071040,P
GO:0071047,P
GO:0045950,P
GO:0015711,P
GO:0046459,P
GO:1990383,P
GO:0034982,P
GO:0071030,P
GO:0006662,P
GO:1990986,P
GO:0018364,P
GO:0035657,C
GO:0043528,C
GO:0097720,P
GO:0061092,P
GO:0033192,F
GO:2000156,P
GO:1990861,C
GO:0034462,P
GO:0031160,C
GO:0070290,F
GO:0009067,P
GO:2001247,P
GO:0003848,F
GO:0004150,F
GO:0004156,F
GO:0010698,F
GO:0043942,P
GO:0070449,C
GO:0051096,P
GO:0019786,F
GO:0051697,P
GO:0033897,F
GO:0043039,P
GO:0036369,P
GO:0097658,C
GO:0031501,C
GO:0010637,P
GO:0071243,P
GO:0044697,C
GO:0006146,P
GO:0043101,P
GO:0043103,P
GO:0046495,P
GO:0015935,C
GO:0004523,F
GO:0032299,C
GO:0008028,F
GO:0015718,P
GO:0032973,P
GO:0047389,F
GO:0033674,P
GO:0004377,F
GO:0019363,P
GO:0006038,P
GO:0050801,P
GO:2000369,P
GO:0010621,P
GO:0031047,P
GO:0070823,C
GO:0051287,F
GO:0075297,P
GO:0000031,F
GO:0051225,P
GO:0016651,F
GO:0051988,P
GO:0000249,F
GO:0003885,F
GO:0070485,P
GO:0010895,P
GO:0016570,P
GO:1903710,P
GO:1902341,P
GO:0042719,C
GO:0031503,P
GO:0001522,P
GO:0010484,F
GO:0005753,C
GO:0016042,P
GO:0032585,C
GO:0042391,P
GO:0060260,P
GO:0004367,F
GO:0006973,P
GO:0044818,P
GO:0061586,P
GO:0030136,C
GO:0016180,P
GO:1990248,P
GO:0006376,P
GO:0090364,P
GO:0004075,F
GO:0032008,P
GO:0045335,C
GO:0009251,P
GO:0003987,F
GO:0016880,F
GO:0006085,P
GO:0019654,P
GO:1990854,P
GO:0060968,P
GO:0045016,P
GO:0047631,F
GO:0004487,F
GO:0009396,P
GO:0000393,P
GO:0051019,F
GO:0097322,F
GO:0048024,P
GO:0003857,F
GO:0007000,P
GO:0090555,F
GO:0090204,P
GO:0043035,F
GO:0004525,F
GO:0034963,P
GO:0034964,P
GO:0140345,F
GO:0016300,F
GO:0034453,P
GO:0051315,P
GO:0030678,C
GO:0046902,P
GO:0015849,P
GO:1901408,P
GO:0065004,P
GO:0071590,P
GO:0071592,P
GO:0016571,P
GO:0008073,F
GO:2001125,P
GO:0071333,P
GO:0070291,P
GO:0070292,P
GO:0006497,P
GO:0034321,F
GO:0071633,F
GO:0009931,F
GO:0140346,F
GO:0046475,P
GO:0044206,P
GO:0044211,P
GO:0005310,F
GO:0033494,P
GO:0016607,C
GO:1900240,P
GO:0080132,F
GO:0009200,P
GO:0016972,F
GO:0071475,P
GO:1900463,P
GO:1903600,C
GO:1990023,C
GO:1990756,F
GO:0015247,F
GO:0008973,F
GO:0008235,F
GO:0006148,P
GO:0006166,P
GO:0046115,P
GO:0008696,F
GO:0019702,F
GO:0055037,C
GO:0036092,P
GO:0044025,F
GO:0046421,F
GO:1990417,P
GO:0043933,P
GO:0016780,F
GO:1990663,F
GO:0004416,F
GO:0044210,P
GO:0001046,F
GO:0005815,C
GO:0001163,F
GO:0006379,P
GO:0010308,F
GO:0005338,F
GO:0015780,P
GO:0009398,P
GO:0008176,F
GO:0046403,F
GO:0001172,P
GO:0031681,F
GO:0071071,P
GO:1902406,P
GO:2000678,P
GO:0031682,F
GO:0097110,F
GO:0061951,P
GO:1903260,P
GO:0031680,C
GO:1902657,P
GO:0045104,P
GO:0005882,C
GO:0008276,F
GO:0031683,F
GO:1903873,P
GO:0006323,P
GO:0060962,P
GO:0071168,P
GO:0005729,C
GO:0006842,P
GO:0015742,P
GO:0009074,P
GO:0004099,F
GO:0018423,F
GO:0010506,P
GO:0008194,F
GO:0031151,F
GO:0070193,P
GO:0000298,F
GO:0015385,F
GO:0030004,P
GO:0004568,F
GO:0051097,P
GO:0032263,P
GO:0045437,F
GO:0050263,F
GO:0070635,F
GO:0070636,F
GO:0006216,P
GO:0006218,P
GO:0046135,P
GO:0031397,P
GO:0016765,F
GO:0005798,C
GO:1901494,P
GO:0006212,P
GO:1904828,P
GO:0019172,F
GO:0036498,P
GO:0018484,F
GO:0047770,F
GO:0032180,P
GO:0046185,P
GO:0071406,P
GO:0007063,P
GO:0120013,F
GO:0045263,C
GO:0034394,P
GO:0106029,F
GO:0044540,F
GO:0080146,F
GO:0000923,C
GO:0060195,P
GO:0043023,F
GO:0005095,F
GO:0034260,P
GO:0140078,F
GO:0033845,F
GO:0004558,F
GO:0000271,P
GO:0071788,P
GO:0003774,F
GO:0034638,P
GO:1990846,F
GO:1905117,P
GO:0034463,P
GO:0006390,P
GO:0033164,F
GO:0090339,P
GO:0000810,F
GO:0042769,P
GO:0008117,F
GO:0016818,F
GO:0030663,C
GO:0052590,F
GO:0052591,F
GO:0043420,P
GO:0055129,P
GO:1990050,F
GO:1901006,P
GO:0000838,C
GO:0034099,C
GO:0047724,F
GO:1905143,P
GO:0017171,F
GO:0004165,F
GO:0018013,P
GO:0036374,F
GO:0006805,P
GO:0010793,P
GO:0000796,C
GO:0033184,P
GO:0015234,F
GO:0031097,C
GO:1903089,F
GO:0015888,P
GO:1903088,P
GO:0008535,P
GO:0097078,C
GO:0010155,P
GO:0018160,P
GO:0098655,P
GO:0044692,F
GO:0031086,P
GO:1901919,P
GO:0051220,P
GO:1990547,P
GO:0051973,P
GO:0000333,C
GO:0003720,F
GO:0050046,F
GO:0000412,P
GO:0000415,P
GO:0004730,F
GO:1903500,P
GO:0016906,F
GO:0045921,P
GO:0043624,P
GO:2001042,P
GO:0070917,F
GO:0110131,C
GO:0019220,P
GO:0042819,P
GO:0140053,P
GO:0000950,P
GO:0000951,P
GO:0090141,P
GO:0070914,P
GO:0046523,F
GO:0002083,F
GO:0120155,C
GO:0047293,F
GO:0000295,F
GO:0034243,P
GO:0035356,P
GO:0042775,P
GO:0042788,C
GO:0004813,F
GO:0030692,C
GO:0097036,P
GO:0004126,F
GO:0006217,P
GO:0051515,P
GO:1903471,P
GO:0030611,F
GO:0015104,F
GO:0015105,F
GO:0015699,P
GO:0022900,P
GO:0004134,F
GO:0004135,F
GO:1905262,P
GO:0032042,P
GO:0000829,F
GO:0000830,F
GO:0000831,F
GO:0052723,F
GO:0052724,F
GO:0045717,P
GO:0032014,P
GO:0031435,F
GO:0033328,F
GO:0006108,P
GO:0036158,P
GO:0006141,P
GO:0034986,F
GO:0061610,P
GO:0008808,F
GO:0009967,P
GO:0051500,F
GO:0097358,F
GO:0006399,P
GO:1900829,P
GO:1900832,P
GO:0043424,F
GO:0008892,F
GO:0016078,P
GO:2001032,P
GO:1902047,P
GO:0034396,P
GO:0044232,C
GO:0019777,F
GO:0065003,P
GO:0032205,P
GO:0051237,P
GO:0070873,P
GO:0046526,F
GO:0005999,P
GO:0106050,F
GO:0002128,P
GO:0002130,P
GO:0031303,C
GO:0006020,P
GO:0051304,P
GO:0071139,P
GO:0030684,C
GO:2000766,P
GO:0005633,C
GO:0004363,F
GO:0008902,F
GO:0008972,F
GO:0009230,P
GO:0015620,F
GO:0015685,P
GO:0004371,F
GO:0004065,F
GO:0018741,F
GO:0018909,P
GO:0034041,F
GO:0070181,F
GO:0034096,P
GO:0051383,P
GO:0051757,P
GO:1905634,P
GO:0098653,P
GO:0052735,F
GO:0000455,P
GO:0010485,F
GO:0034212,F
GO:0018394,P
GO:0004144,F
GO:0033699,F
GO:0032217,F
GO:0032218,P
GO:0034499,P
GO:0008863,F
GO:0042183,P
GO:1903425,F
GO:1903424,P
GO:0048288,P
GO:0031316,C
GO:0034479,F
GO:0034478,P
GO:0055105,F
GO:0008898,F
GO:0019284,P
GO:0046498,P
GO:0050667,P
GO:0004301,F
GO:0042281,F
GO:0034424,C
GO:0071918,P
GO:1903711,P
GO:0016730,F
GO:0016114,P
GO:0019781,F
GO:0005671,C
GO:0004766,F
GO:0035312,F
GO:0032443,P
GO:0061708,F
GO:1990799,P
GO:0008375,F
GO:1905261,P
GO:0071032,P
GO:0006436,P
GO:0006039,P
GO:0071456,P
GO:0071846,P
GO:1990119,F
GO:1902281,P
GO:0004131,F
GO:0019858,P
GO:0046087,P
GO:0008615,P
GO:2000234,P
GO:0001933,P
GO:0070250,C
GO:0034477,P
GO:0016722,F
GO:0033558,F
GO:0034983,P
GO:2000278,P
GO:0051020,F
GO:0033229,F
GO:0042883,P
GO:0043186,C
GO:0005476,F
GO:0005858,C
GO:0000354,P
GO:0005244,F
GO:0005272,F
GO:0097553,P
GO:0097030,F
GO:0000907,F
GO:0044273,P
GO:0009731,P
GO:0009745,P
GO:0043723,F
GO:0070197,P
GO:2000711,P
GO:0000100,F
GO:0015806,P
GO:0004143,F
GO:0031624,F
GO:0032182,F
GO:0051443,P
GO:0000481,P
GO:0000432,P
GO:0019541,P
GO:0017178,F
GO:0000007,F
GO:0007091,P
GO:0032233,P
GO:0004059,F
GO:0004145,F
GO:0000253,F
GO:0016768,F
GO:0034721,P
GO:0070452,P
GO:0006880,P
GO:0015292,F
GO:0015810,P
GO:0015813,P
GO:0044271,P
GO:0010919,P
GO:0005459,F
GO:0008413,F
GO:0008841,F
GO:0016040,F
GO:0019676,P
GO:0055072,P
GO:0071821,C
GO:0031071,F
GO:0042546,P
GO:0051444,P
GO:0000038,P
GO:0070492,F
GO:0042272,C
GO:0008686,F
GO:0015491,F
GO:0036376,P
GO:0097623,P
GO:0061024,P
GO:0006190,P
GO:0008486,F
GO:0034431,F
GO:0034432,F
GO:0015961,P
GO:0034183,P
GO:1902340,P
GO:0015369,F
GO:1901612,F
GO:1990964,C
GO:0009143,P
GO:0070211,C
GO:0043981,P
GO:0043982,P
GO:0043983,P
GO:0044154,P
GO:0070776,C
GO:0017128,F
GO:0017121,P
GO:0034198,P
GO:0050311,F
GO:0034647,F
GO:0016002,F
GO:1990641,P
GO:0061928,F
GO:0106321,F
GO:0106322,F
GO:0102752,F
GO:0102420,F
GO:0003923,F
GO:0052851,F
GO:0061575,F
GO:0004047,F
GO:0051085,P
GO:0035246,P
GO:0000155,F
GO:0000160,P
GO:0043966,P
GO:0044666,C
GO:0035838,C
GO:0046417,P
GO:2001295,P
GO:0102552,F
GO:0102553,F
GO:0051274,P
GO:0070209,C
GO:0009331,C
GO:0098841,P
GO:0009311,P
GO:2001107,P
GO:0046677,P
GO:0046898,P
GO:2001234,P
GO:1902358,P
GO:0090063,P
GO:0110120,P
GO:1902440,P
GO:0030286,C
GO:0048038,F
GO:0043015,F
GO:0033169,P
GO:0070544,P
GO:0035973,P
GO:0106141,F
GO:0099609,F
GO:0110121,P
GO:1990734,P
GO:1905721,C
GO:0030697,F
GO:0051417,P
GO:0042577,F
GO:0004827,F
GO:0061673,C
GO:0045069,P
GO:0046809,C
GO:0006433,P
GO:0043169,F
GO:0032027,F
GO:0032033,F
GO:1902404,P
GO:1904498,P
GO:2001108,P
GO:0033180,C
GO:0034973,C
GO:1902356,P
GO:0009443,P
GO:0120213,P
GO:0046889,P
GO:0140042,P
GO:0140444,F
GO:1903476,P
GO:0106214,P
GO:0120151,P
GO:0030665,C
GO:0032035,F
GO:0072741,P
GO:1990537,C
GO:0010609,P
GO:0090329,P
GO:1990274,P
GO:0051765,F
GO:0030865,P
GO:0000425,P
GO:0019674,P
GO:0033179,C
GO:0015114,F
GO:0004932,F
GO:0031934,C
GO:0052917,F
GO:0005746,C
GO:0051596,P
GO:0016817,F
GO:0046901,P
GO:0071011,C
GO:0006228,P
GO:0004471,F
GO:0008948,F
GO:0101005,F
GO:0098506,P
GO:0043715,F
GO:0008677,F
GO:0043716,F
GO:0006405,P
GO:0046923,F
GO:0010389,P
GO:0034411,P
GO:0052742,F
GO:0007568,P
GO:1905897,P
GO:0008422,F
GO:0008126,F
GO:0060090,F
GO:0008496,F
GO:0070413,P
GO:0010608,P
GO:0098656,P
GO:0070192,P
GO:0030621,F
GO:0070990,F
GO:0008801,F
GO:0016410,F
GO:0016298,F
GO:0004753,F
GO:0033063,C
GO:0033065,C
GO:0032580,C
GO:1902977,P
GO:1904968,P
GO:1905263,P
GO:0031453,P
GO:0044379,P
GO:0090512,C
GO:0060631,P
GO:0007135,P
GO:1903754,C
GO:0045901,P
GO:1990145,P
GO:1904983,P
GO:0000338,P
GO:0051039,P
GO:1901992,P
GO:1903452,P
GO:0060633,P
GO:0035306,P
GO:1905779,P
GO:0097446,P
GO:1905183,P
GO:1905184,P
GO:0043935,P
GO:0043549,P
GO:1990303,C
GO:0098609,P
GO:0032507,P
GO:0071162,C
GO:1902413,P
GO:0008429,F
GO:1902647,P
GO:0035351,P
GO:0070140,F
GO:0097367,F
GO:1904183,P
GO:0004741,F
GO:1904184,P
GO:0031210,F
GO:1901611,F
GO:0061909,P
GO:0061908,C
GO:0099616,C
GO:0120095,C
GO:0032390,C
GO:0048039,F
GO:1990825,F
GO:0100002,P
GO:1904262,P
GO:0071578,P
GO:0000405,F
GO:1903044,P
GO:1990545,P
GO:1901474,F
GO:0036042,F
GO:0090482,F
GO:0090422,F
GO:0019309,P
GO:0018279,P
GO:1904902,P
GO:0072710,P
GO:0016594,F
GO:0002055,F
GO:0044209,P
GO:0005687,C
GO:0050152,F
GO:0006107,P
GO:0006528,P
GO:0016604,C
GO:0015179,F
GO:0000906,F
GO:0004632,F
GO:0008079,F
GO:0102751,F
GO:0036381,F
GO:0042565,C
GO:0006538,P
GO:0019646,P
GO:0005351,F
GO:0004556,F
GO:2000200,P
GO:0045174,F
GO:0070979,P
GO:0002144,C
GO:0036001,P
GO:0036088,P
GO:0016846,F
GO:0005102,F
GO:0019240,P
GO:0048189,C
GO:0031617,C
GO:0006742,P
GO:0019677,P
GO:0003721,F
GO:0044571,P
GO:0110136,P
GO:1900060,P
GO:0009052,P
GO:0051205,P
GO:0036286,C
GO:0030974,P
GO:0030154,P
GO:0005550,F
GO:0038038,C
GO:0098507,P
GO:0005347,F
GO:0006821,P
GO:0034707,C
GO:0046166,P
GO:0032991,C
GO:0019441,P
GO:0001762,P
GO:0017101,C
GO:0008865,F
GO:0019158,F
GO:0001678,P
GO:1903461,P
GO:0002184,P
GO:0033503,C
GO:0006780,P
GO:0070403,F
GO:0019941,P
GO:0010906,P
GO:0015248,F
GO:0043227,C
GO:0003935,F
GO:0070522,C
GO:0000819,P
GO:0000717,P
GO:0009411,P
GO:1990189,F
GO:1990190,F
GO:0017198,P
GO:0018002,P
GO:0001664,F
GO:0010134,P
GO:0005986,P
GO:0006002,P
GO:0030388,P
GO:0034620,P
GO:0098863,P
GO:0032050,F
GO:0035433,P
GO:0061644,P
GO:1990569,P
GO:1990570,P
GO:0072334,P
GO:0106271,F
GO:0007193,P
GO:0016705,F
GO:0016706,F
GO:0031418,F
GO:0022904,P
GO:1990822,P
GO:0016805,F
GO:0061727,P
GO:0007618,P
GO:0031301,C
GO:0008022,F
GO:0033110,C
GO:0098753,C
GO:0120104,C
GO:0003909,F
GO:0000323,C
GO:0016597,F
GO:0016743,F
GO:0000064,F
GO:0009107,P
GO:1990575,P
GO:0031985,C
GO:0045504,F
GO:0052717,F
GO:1990619,P
GO:0052547,P
GO:0000793,C
GO:0009156,P
GO:0044249,P
GO:0098662,P
GO:0045281,C
GO:0009316,C
GO:0004835,F
GO:0010950,P
GO:0000165,P
GO:0031177,F
GO:0035445,P
GO:0005976,P
GO:0006562,P
GO:0102339,F
GO:0102340,F
GO:0102341,F
GO:0102342,F
GO:0002161,F
GO:0016668,F
GO:0035442,P
GO:0030908,P
GO:0042910,F
GO:0050708,P
GO:0008187,F
GO:0030628,F
GO:0089701,C
GO:0014065,P
GO:0051896,P
GO:0046464,P
GO:0140291,P
GO:0017076,F
GO:0004611,F
GO:0001881,P
GO:0046404,F
GO:0015936,P
GO:0046939,P
GO:0019919,P
GO:0008024,C
GO:0019239,F
GO:0009168,P
GO:1902929,C
GO:0010998,P
GO:0032472,P
GO:0046037,P
GO:0006177,P
GO:0008637,P
GO:0006480,P
GO:0071422,P
GO:0052832,F
GO:0052833,F
GO:0052834,F
GO:0051723,F
GO:0016539,P
GO:0046470,P
GO:0016615,F
GO:0006566,P
GO:0019521,P
GO:0061775,F
GO:0009448,P
GO:0030130,C
GO:0030132,C
GO:0019551,P
GO:0120230,F
GO:0010774,P
GO:0120231,C
GO:0016052,P
GO:1902270,P
GO:0008275,C
GO:0016618,F
GO:0030267,F
GO:0031053,P
GO:0048034,P
GO:0071439,C
GO:0032051,F
GO:0052906,F
GO:0033178,C
GO:0048284,P
GO:0006655,P
GO:0032549,F
GO:0006198,P
GO:0008641,F
GO:0018215,P
GO:0048015,P
GO:1902751,P
GO:0033177,C
GO:0006222,P
GO:0042054,F
GO:0016833,F
GO:0006625,P
GO:0080130,F
GO:0097053,P
GO:0006014,P
GO:0019805,P
GO:0016628,F
GO:0071934,P
GO:0034421,P
GO:0051403,P
GO:0006862,P
GO:0051127,P
GO:0099503,C
GO:0046834,P
GO:0043408,P
GO:0000808,C
GO:0032784,P
GO:0070897,P
GO:0003964,F
GO:0016638,F
GO:0016639,F
GO:0106142,F
GO:0019104,F
GO:1901642,P
GO:0051126,P
GO:0000062,F
GO:0016812,F
GO:0050897,F
GO:0140581,F
GO:0030259,P
GO:0015750,P
GO:0004848,F
GO:0102545,F
GO:0090640,P
GO:0042776,P
GO:0071543,P
GO:0015434,F
GO:0035653,P
GO:0061849,F
GO:0016742,F
GO:0106005,P
GO:1902497,P
GO:0042405,C
GO:0008494,F
GO:0061668,P
GO:0070016,F
GO:0051656,P
GO:0062030,P
GO:0098530,P
GO:0008941,F
GO:2000779,P
GO:0140107,F
GO:0015103,F
GO:0042760,P
GO:0019152,F
GO:0061191,P
GO:0052587,F
GO:2000214,P
GO:0000477,P
GO:1990932,F
GO:0031405,F
GO:1905473,P
GO:0036388,P
GO:0008428,F
GO:0034490,P
GO:0002236,P
GO:0031532,P
GO:0008823,F
GO:0090399,P
GO:0031060,P
GO:1903108,P
GO:0034246,F
GO:1904802,P
GO:1905493,P
GO:0034993,C
GO:0044821,P
GO:2000238,P
GO:0097576,P
GO:1901522,P
GO:0032204,P
GO:0018158,P
GO:0062058,F
GO:0140531,P
GO:0008349,F
GO:0060904,P
GO:0016971,F
GO:0071852,P
GO:1903138,P
GO:0099500,P
GO:0102485,F
GO:0102486,F
GO:0102487,F
GO:0102488,F
GO:0102489,F
GO:0102490,F
GO:0102491,F
GO:0004767,F
GO:1904047,F
GO:0140492,F
GO:1903432,P
GO:1900036,P
GO:0015823,P
GO:1990461,P
GO:0051510,P
GO:0042805,F
GO:0080135,P
GO:1903292,P
GO:1903358,P
GO:0015825,P
GO:0089709,P
GO:1903400,P
GO:1905168,P
GO:1903401,P
GO:0008199,F
GO:0061763,P
GO:0140680,F
GO:0140671,C
GO:0051499,F
GO:0006068,P
GO:0032196,P
GO:0006147,P
GO:0015136,F
GO:0015739,P
GO:0097526,C
GO:0006868,P
GO:1902475,P
GO:0097510,P
GO:0034765,P
GO:0001147,F
GO:0043175,F
GO:0031108,P
GO:0005845,C
GO:0019903,F
GO:0103045,F
GO:0090730,C
GO:0018117,P
GO:0007023,P
GO:0000836,C
GO:0102566,F
GO:0070407,P
GO:0102389,F
GO:2000815,P
GO:0005667,C
GO:0102306,F
GO:0051721,F
GO:0019348,P
GO:0102158,F
GO:0102343,F
GO:0102344,F
GO:0102345,F
GO:0035672,P
GO:0015903,P
GO:0010106,P
GO:0008682,F
GO:0018548,F
GO:0004174,F
GO:0106279,P
GO:0052909,F
GO:0030131,C
GO:0043621,F
GO:0051259,P
GO:0042575,C
GO:0016290,F
GO:0102991,F
GO:0008190,F
GO:0045876,P
GO:0070084,P
GO:0080144,P
GO:0050354,F
GO:0019588,P
GO:0051168,P
GO:0016857,F
GO:0061015,P
GO:1901962,P
GO:0071942,C
GO:0016813,F
GO:0019918,P
GO:0009416,P
GO:0033365,P
GO:0006771,P
GO:0035303,P
GO:0034058,P
GO:0102028,F
GO:0052654,F
GO:0052655,F
GO:0052656,F
GO:0043878,F
GO:0004078,F
GO:0004079,F
GO:0004080,F
GO:1903712,P
GO:0043333,F
GO:0016866,F
GO:0070981,P
GO:0047710,F
GO:0006188,P
GO:0042300,F
GO:0016104,P
GO:1902616,P
GO:1902603,P
GO:0052901,F
GO:0052902,F
GO:0052903,F
GO:0052904,F
GO:0035524,P
GO:0006287,P
GO:0008271,F
GO:0042853,P
GO:0009240,P
GO:0006101,P
GO:0002940,P
GO:0044594,F
GO:0000479,P
GO:0034991,C
GO:0052629,F
GO:0016462,F
GO:0006568,P
GO:0102264,F
GO:0052862,F
GO:0048029,F
GO:0070095,F
GO:0044208,P
GO:0000212,P
GO:0046040,P
GO:0102263,F
GO:0000930,C
GO:0061621,P
GO:1990542,P
GO:0052842,F
GO:0033721,F
GO:0110027,P
GO:0048268,P
GO:0015884,P
GO:0015803,P
GO:0061749,F
GO:0042981,P
GO:0051751,F
GO:0140311,F
GO:0140021,P
GO:1990544,P
GO:0015698,P
GO:1990264,P
GO:0030307,P
GO:0102200,F
GO:0045254,C
GO:1903473,P
GO:0120029,P
GO:0000423,P
GO:0006788,P
GO:0005991,P
GO:0005838,C
GO:0036435,F
GO:0006069,P
GO:0016872,F
GO:0005544,F
GO:0010952,P
GO:1903024,P
GO:1904750,P
GO:0044322,C
GO:0102559,F
GO:0006572,P
GO:0052657,F
GO:0047816,F
GO:0102522,F
GO:0120171,C
GO:0034039,F
GO:0006739,P
GO:0032131,F
GO:0032993,C
GO:0031597,C
GO:0071970,P
GO:0089721,F
GO:1990536,P
GO:0047555,F
GO:0046069,P
GO:0045329,P
GO:0042789,P
GO:0050684,P
GO:0008023,C
GO:0110032,P
GO:0061640,P
GO:0019367,P
GO:0034625,P
GO:0001761,F
GO:0034626,P
GO:0043928,P
GO:0006518,P
GO:0045056,P
GO:0034088,P
GO:0098717,P
GO:1990644,F
GO:0031508,P
GO:0071572,P
GO:1990678,P
GO:0032143,F
GO:0031030,P
GO:1990298,C
GO:0010124,P
GO:0000454,P
GO:1901255,P
GO:1990679,P
GO:0001006,F
GO:0120236,P
GO:0045338,P
GO:0005366,F
GO:0098718,P
GO:0102953,F
GO:0103068,F
GO:0051775,P
GO:0046167,P
GO:0006145,P
GO:0000915,P
GO:0102265,F
GO:0102266,F
GO:0032012,P
GO:0000965,P
GO:0051639,P
GO:0008481,F
GO:0004024,F
GO:0072354,F
GO:0098505,F
GO:0000783,C
GO:0051664,P
GO:0072657,P
GO:0071480,P
GO:0071481,P
GO:0008720,F
GO:0035404,P
GO:0051999,P
GO:0120159,F
GO:0080008,C
GO:0102202,F
GO:0102203,F
GO:0102205,F
GO:0016307,F
GO:0031468,P
GO:0038202,P
GO:0050546,F
GO:0016094,P
GO:0002094,F
GO:1904825,P
GO:0018114,F
GO:0006563,P
GO:0042866,P
GO:0070179,P
GO:0030378,F
GO:0072382,P
GO:1903205,P
GO:0032798,C
GO:0032436,P
GO:0000257,F
GO:0072684,P
GO:1990423,C
GO:0102500,F
GO:0070905,F
GO:0046655,P
GO:0046653,P
GO:0110050,F
GO:0004777,F
GO:0035268,P
GO:0046354,P
GO:0043605,P
GO:0031519,C
GO:1990519,P
GO:0016174,F
GO:0070189,P
GO:0005290,F
GO:0015189,F
GO:0015194,F
GO:0061459,F
GO:0000832,F
GO:0033857,F
GO:0102092,F
GO:0035825,P
GO:0071540,C
GO:0071541,C
GO:1990483,C
GO:0008469,F
GO:0034969,P
GO:0000012,P
GO:0006884,P
GO:0055064,P
GO:0015301,F
GO:0044773,P
GO:0019216,P
GO:0070761,C
GO:0050308,F
GO:0009020,F
GO:0052665,F
GO:2000144,P
GO:0019222,P
GO:0032006,P
GO:0035145,C
GO:0051011,F
GO:0005689,C
GO:0035174,F
GO:0042284,F
GO:0043687,P
GO:1904812,P
GO:0046210,P
GO:0071500,P
GO:0034355,P
GO:0030691,C
GO:0047496,P
GO:0031023,P
GO:0051170,P
GO:0031110,P
GO:0036456,F
GO:0019511,P
GO:1901565,P
GO:0008752,F
GO:0052873,F
GO:0052874,F
GO:0035437,P
GO:0034719,C
GO:0022841,F
GO:0030322,P
GO:0019569,P
GO:0140068,F
GO:0004869,F
GO:0000153,C
GO:0003991,F
GO:0034618,F
GO:0008160,F
GO:0008517,F
GO:0010043,P
GO:0016095,P
GO:0043487,P
GO:1903791,P
GO:0045503,F
GO:0005668,C
GO:0018230,P
GO:0002178,C
GO:0005997,P
GO:0008887,F
GO:0016843,F
GO:0004760,F
GO:0034213,P
GO:0071619,P
GO:0019323,P
GO:0003846,F
GO:0120108,F
GO:0061647,P
GO:0009326,C
GO:0062092,C
GO:0102521,F
GO:0090070,P
GO:0032559,F
GO:0030989,P
GO:2001023,P
GO:0006533,P
GO:0004161,F
GO:0004337,F
GO:0033384,P
GO:0033386,P
GO:0034715,C
GO:0070461,C
GO:0006516,P
GO:0038023,F
GO:0045239,C
GO:0048311,P
GO:0048312,P
GO:0000402,F
GO:0043527,C
GO:0006290,P
GO:0032405,F
GO:0090694,C
GO:0009314,P
GO:2000677,P
GO:0048257,F
GO:0008477,F
GO:0006152,P
GO:0006105,P
GO:0042578,F
GO:0016591,C
GO:0000048,F
GO:0015117,F
GO:0015140,F
GO:0015141,F
GO:0015709,P
GO:0070419,C
GO:0000340,F
GO:0071423,P
GO:0031511,C
GO:0102480,F
GO:0015217,F
GO:0052746,P
GO:1990315,C
GO:0140618,F
GO:0018283,P
GO:0046098,P
GO:0043295,F
GO:1900039,P
GO:2000640,P
GO:0030371,F
GO:0071479,P
GO:0000109,C
GO:0031464,C
GO:0000444,C
GO:0031595,C
GO:0044389,F
GO:0046306,P
GO:0008835,F
GO:0044375,P
GO:0061161,P
GO:0019784,F
GO:1902983,P
GO:0043490,P
GO:0033539,P
GO:0005178,F
GO:0005460,F
GO:0043240,C
GO:0052905,F
GO:0071467,P
GO:1901907,P
GO:1901909,P
GO:1901911,P
GO:0031365,P
GO:0097745,P
GO:0099617,C
GO:0090207,P
GO:0102176,F
GO:1904408,F
GO:1901195,P
GO:0101011,F
GO:0090083,P
GO:1905524,P
GO:1990856,F
GO:1905153,P
GO:0035539,F
GO:0032488,P
GO:0097054,P
GO:0035808,C
GO:0009991,P
GO:0061499,C
GO:0102758,F
GO:0106388,F
GO:0005827,C
GO:0009081,P
GO:0050421,F
GO:0034458,F
GO:0005760,C
GO:0032138,F
GO:0001003,F
GO:0060256,P
GO:0004576,F
GO:0032142,F
GO:0032181,F
GO:0032357,F
GO:1990518,F
GO:0140318,F
GO:0140224,C
GO:0043069,P
GO:1902884,P
GO:0140255,P
GO:0009612,P
GO:1905339,P
GO:1901987,P
GO:0061912,P
GO:1905477,P
GO:0071252,P
GO:0016881,F
GO:0101031,C
GO:0016556,P
GO:0031090,C
GO:0140355,F
GO:1904152,P
GO:0016717,F
GO:0009190,P
GO:0097359,P
GO:0043461,P
GO:0015562,F
GO:0033176,C
GO:0045159,F
GO:1905866,P
GO:0071001,C
GO:0035591,F
GO:0006274,P
GO:0030894,C
GO:2000045,P
GO:0019003,F
GO:0019103,F
GO:0030942,F
GO:0044772,P
GO:0071074,F
GO:0046177,P
GO:0044030,P
GO:1902969,P
GO:0042709,C
GO:0018773,F
GO:0033316,P
GO:0071025,P
GO:0015938,P
GO:0006570,P
GO:0102672,F
GO:0001561,P
GO:0016624,F
GO:1902280,P
GO:0016614,F
GO:1902117,P
GO:0034228,F
GO:0034229,P
GO:1900191,P
GO:1900192,P
GO:0035405,P
GO:0034214,P
GO:0023056,P
GO:0097047,C
GO:0007119,P
GO:1900430,P
GO:1990426,P
GO:1900365,P
GO:0016671,F
GO:0030091,P
GO:0070143,P
GO:0051125,P
GO:0009349,C
GO:0030955,F
GO:0004000,F
GO:1904291,P
GO:2000622,P
GO:0070479,P
GO:0009594,P
GO:1901858,P
GO:0070631,P
GO:0019825,F
GO:0051409,P
GO:2000480,P
GO:0035461,P
GO:0031924,F
GO:0071266,P
GO:0071816,P
GO:0099116,P
GO:0004112,F
GO:0000347,C
GO:0043189,C
GO:0034470,P
GO:0051391,P
GO:0016899,F
GO:0046168,P
GO:0032065,P
GO:1903825,P
GO:0043991,P
GO:0034998,C
